query,name,name_for_emails,subtypes,category,type,phone,website,address,street,city,county,state,state_code,postal_code,country,country_code,domain,company_name,company_phone,company_phones,company_linkedin,company_facebook,company_instagram,company_x,company_youtube,full_name,first_name,last_name,title,email,email.emails_validator.status,email.emails_validator.status_details,contact_phone,contact_phones,contact_linkedin,contact_facebook,contact_instagram,contact_x,website_title,website_description,website_generator,website_has_gtm,website_has_fb_pixel,source,latitude,longitude,h3,time_zone,plus_code,area_service,rating,reviews,reviews_link,reviews_tags,reviews_per_score,reviews_per_score_1,reviews_per_score_2,reviews_per_score_3,reviews_per_score_4,reviews_per_score_5,photos_count,photo,street_view,logo,located_in,located_google_id,business_status,working_hours,working_hours_csv_compatible,other_hours,popular_times,typical_time_spent,range,prices,reservation_links,booking_appointment_link,menu_link,order_links,about,description,posts,verified,owner_id,owner_title,owner_link,location_link,location_reviews_link,place_id,google_id,cid,kgmid,reviews_id,company_insights.employees,company_insights.revenue,company_insights.founded_year,company_insights.industry,company_insights.is_public,company_insights.name,company_insights.country,company_insights.state,company_insights.city,company_insights.zip,company_insights.address
"CA, 641025, Coimbatore, Tamil Nadu, IN",CA Saravana Ganesh,Ca Saravana Ganesh,Chartered accountant,Chartered accountant,Chartered accountant,+91 89030 04623,,"MGR Colony, Edayarpalayam, Coimbatore, Tamil Nadu 641025",,Coimbatore,"MGR Colony, Edayarpalayam",Tamil Nadu,,641025,India,IN,,,,,,,,,,,,,,,,,,,,,,,,,,,,,11.0362109,76.9264677,89603384d13ffff,Asia/Calcutta,,False,,,,,,,,,,,1,https://streetviewpixels-pa.googleapis.com/v1/thumbnail?panoid=YZwmZ7MGcVAjiF20y7XJwg&cb_client=search.gws-prod.gps&w=800&h=500&yaw=100.8945&pitch=0&thumbfov=100,https://streetviewpixels-pa.googleapis.com/v1/thumbnail?panoid=YZwmZ7MGcVAjiF20y7XJwg&cb_client=search.gws-prod.gps&w=1600&h=1000&yaw=100.8945&pitch=0&thumbfov=100,https://lh3.googleusercontent.com/-bpTSUdaQ9lc/AAAAAAAAAAI/AAAAAAAAAAA/cUF4wZmCKq8/s44-p-k-no-ns-nd/photo.jpg,,,OPERATIONAL,"{""Monday"": [""9am-6pm""], ""Tuesday"": [""9am-6pm""], ""Wednesday"": [""9am-6pm""], ""Thursday"": [""9am-6pm""], ""Friday"": [""9am-6pm""], ""Saturday"": [""9am-6pm""], ""Sunday"": [""Closed""]}","Monday,9am,6pm|Tuesday,9am,6pm|Wednesday,9am,6pm|Thursday,9am,6pm|Friday,9am,6pm|Saturday,9am,6pm",,,,,,,,,,,,,True,114593256805142180735,CA Saravana Ganesh,https://www.google.com/maps/contrib/114593256805142180735,"https://www.google.com/maps/place/CA+Saravana+Ganesh/@11.0362109,76.9264677,14z/data=!4m8!1m2!2m1!1sCA+Saravana+Ganesh!3m4!1s0x3ba85950e900ba11:0xd45c9c85b196d639!8m2!3d11.0362109!4d76.9264677","https://www.google.com/maps/place/CA+Saravana+Ganesh/@11.0362109,76.9264677,13.99z/data=!4m16!1m7!3m6!1s0x3ba85950e900ba11:0xd45c9c85b196d639!2sCA+Saravana+Ganesh!8m2!3d11.0362109!4d76.9264677!16s%2Fg%2F11ckvg1dmb!3m7!1s0x3ba85950e900ba11:0xd45c9c85b196d639!8m2!3d11.0362109!4d76.9264677!9m1!1b1!16s%2Fg%2F11ckvg1dmb?entry=ttu",ChIJEboA6VBZqDsROdaWsYWcXNQ,0x3ba85950e900ba11:0xd45c9c85b196d639,1.53023E+19,/g/11xs3qgbrj,,,,,,,,,,,,
"CA, 641025, Coimbatore, Tamil Nadu, IN",CA RM.Kasi,Ca Rm Kasi,"Chartered accountant, Accounting firm, Auditor",Chartered accountant,Chartered accountant,+91 98422 76281,,"30E, Thirumoorthy Layout, Thadagam Main Rd, R.S. Puram, Coimbatore, Tamil Nadu 641002","30E, Thirumoorthy Layout, Thadagam Main Rd",Coimbatore,"Angammal layout, R.S. Puram",Tamil Nadu,,641002,India,IN,,,,,,,,,,,,,,,,,,,,,,,,,,,,,11.0108979,76.9423006,8960338695bffff,Asia/Calcutta,,False,5,1,https://search.google.com/local/reviews?placeid=ChIJ1dUGQ89ZqDsR7tKfmUE7wq0&q=*&authuser=0&hl=en&gl=IN,,"{""1"": 0, ""2"": 0, ""3"": 0, ""4"": 0, ""5"": 1}",0,0,0,0,1,3,https://streetviewpixels-pa.googleapis.com/v1/thumbnail?panoid=Hh_Tui7tWzGzkwK3GKpFRw&cb_client=search.gws-prod.gps&w=800&h=500&yaw=10.6389675&pitch=0&thumbfov=100,https://lh3.googleusercontent.com/gps-cs-s/AHRPTWk0QQL5quuH3lYJVjWxLH7_dg5bppRuspuH9CAS_tsFCZdI_gaAz4oBUNCq-VSuGE8cMedok1VDgmYa1kH43u5oLvw-Z46rRn2-QXPSo9fumGyHNRFe53rlVtI8-olCnBccWQ1S=w1600-h1000-k-no,https://lh6.googleusercontent.com/-abfzz2z1c5o/AAAAAAAAAAI/AAAAAAAAAAA/hLZand8aUBw/s44-p-k-no-ns-nd/photo.jpg,,,OPERATIONAL,"{""Monday"": [""10am-7pm""], ""Tuesday"": [""10am-7pm""], ""Wednesday"": [""10am-7pm""], ""Thursday"": [""10am-7pm""], ""Friday"": [""10am-7pm""], ""Saturday"": [""10am-7pm""], ""Sunday"": [""Closed""]}","Monday,10am,7pm|Tuesday,10am,7pm|Wednesday,10am,7pm|Thursday,10am,7pm|Friday,10am,7pm|Saturday,10am,7pm",,,,,,,,,,,,,True,117072705555885065110,CA RM.Kasi,https://www.google.com/maps/contrib/117072705555885065110,"https://www.google.com/maps/place/CA+RM.Kasi/@11.0108979,76.9423006,14z/data=!4m8!1m2!2m1!1sCA+RM.Kasi!3m4!1s0x3ba859cf4306d5d5:0xadc23b41999fd2ee!8m2!3d11.0108979!4d76.9423006","https://www.google.com/maps/place/CA+RM.Kasi/@11.0108979,76.9423006,13.99z/data=!4m16!1m7!3m6!1s0x3ba859cf4306d5d5:0xadc23b41999fd2ee!2sCA+RM.Kasi!8m2!3d11.0108979!4d76.9423006!16s%2Fg%2F11ckvg1dmb!3m7!1s0x3ba859cf4306d5d5:0xadc23b41999fd2ee!8m2!3d11.0108979!4d76.9423006!9m1!1b1!16s%2Fg%2F11ckvg1dmb?entry=ttu",ChIJ1dUGQ89ZqDsR7tKfmUE7wq0,0x3ba859cf4306d5d5:0xadc23b41999fd2ee,1.25206E+19,/g/11n0m_4g50,-5.92611E+18,,,,,,,,,,,
"CA, 641025, Coimbatore, Tamil Nadu, IN",CA Food,Ca Food,Caterer,Caterer,Caterer,+91 99940 74469,http://www.cafood.in/,"No 5/7, 10th Cross Road, Vadavalli, New Thillai, Rajaji Nagar, Coimbatore, Hosimin Nagar, Tamil Nadu 641041","No 5/7, 10th Cross Road","Coimbatore, Hosimin Nagar","Vadavalli, New Thillai, Rajaji Nagar",Tamil Nadu,,641041,India,IN,cafood.in,,,,,,,,,,,,,cafoodcatering@gmail.com,RECEIVING,Verified,,,,,,,CA Food Coimbatore | Catering service coimbatore,"CA Food Coimbatore leading Catering service coimbatore , specialized in Indian Biriyanis , non-veg and veg dishes",wordpress,0,0,http://cafood.in/contact-us/,11.0285491,76.9163542,896033b366bffff,Asia/Calcutta,,False,4.6,121,https://search.google.com/local/reviews?placeid=ChIJV9O-QBlZqDsRplfqYDMhzV8&q=*&authuser=0&hl=en&gl=IN,,"{""1"": 2, ""2"": 6, ""3"": 1, ""4"": 25, ""5"": 87}",2,6,1,25,87,47,https://lh3.googleusercontent.com/gps-cs-s/AHRPTWmDlJgIoqf_IIBRSfpwi7A3WuhCVTCjkOXlLaXAumNdn5_WUh_VfE3JdpCH9nHvrf15EuB4LNtuSQ3uzcvjHl5N3fCDEuPc-t9ny-6M5v1GL-AB4cv_YqZYIIuCcK2PZTPC72RcHcLLfi4=w800-h500-k-no,https://lh3.googleusercontent.com/gps-cs-s/AHRPTWmDlJgIoqf_IIBRSfpwi7A3WuhCVTCjkOXlLaXAumNdn5_WUh_VfE3JdpCH9nHvrf15EuB4LNtuSQ3uzcvjHl5N3fCDEuPc-t9ny-6M5v1GL-AB4cv_YqZYIIuCcK2PZTPC72RcHcLLfi4=w1600-h1000-k-no,,,,OPERATIONAL,"{""Monday"": [""9am-9pm""], ""Tuesday"": [""9am-9pm""], ""Wednesday"": [""9am-9pm""], ""Thursday"": [""9am-9pm""], ""Friday"": [""9am-9pm""], ""Saturday"": [""9am-9pm""], ""Sunday"": [""9am-9pm""]}","Sunday,9am,9pm|Monday,9am,9pm|Tuesday,9am,9pm|Wednesday,9am,9pm|Thursday,9am,9pm|Friday,9am,9pm|Saturday,9am,9pm",,,,,,,,,,"{""Service options"": {""Delivery"": true, ""Takeaway"": true}, ""Accessibility"": {""Wheelchair-accessible entrance"": false}}",Catering group offering mutton and chicken biryani plus other eats.,,False,,CA Food,,"https://www.google.com/maps/place/CA+Food/@11.0285491,76.9163542,14z/data=!4m8!1m2!2m1!1sCA+Food!3m4!1s0x3ba8591940bed357:0x5fcd213360ea57a6!8m2!3d11.0285491!4d76.9163542","https://www.google.com/maps/place/CA+Food/@11.0285491,76.9163542,13.99z/data=!4m16!1m7!3m6!1s0x3ba8591940bed357:0x5fcd213360ea57a6!2sCA+Food!8m2!3d11.0285491!4d76.9163542!16s%2Fg%2F11ckvg1dmb!3m7!1s0x3ba8591940bed357:0x5fcd213360ea57a6!8m2!3d11.0285491!4d76.9163542!9m1!1b1!16s%2Fg%2F11ckvg1dmb?entry=ttu",ChIJV9O-QBlZqDsRplfqYDMhzV8,0x3ba8591940bed357:0x5fcd213360ea57a6,6.90321E+18,/g/11b5wm2ftt,6.90321E+18,50,10000000,,FOOD_BEVERAGES,0,CA FOOD,India,,,,
"CA, 641025, Coimbatore, Tamil Nadu, IN",Kalpavruksh Academy - CA Coaching Institute in Coimbatore,Kalpavruksh Academy Ca Coaching Institute In Coimbatore,"Chartered accountant, Accounting school, Educational institution, Coaching Center, Education center, Educational consultant, Mathematics school, Tutoring service",Educational institution,Chartered accountant,+91 93446 00191,https://www.instagram.com/kalpavruksh_academy%3Figsh%3DaGJ4ZDllOTZpMzMz,"East Venkatasamy Road Opposite to Silver Ridge Apartment, Coimbatore, Tamil Nadu 641002",East Venkatasamy Road Opposite to Silver Ridge Apartment,Coimbatore,R.S. Puram,Tamil Nadu,,641002,India,IN,,,,,,,,,,,,,,,,,,,,,,,,,,,,,11.0127729,76.9514166,89603386877ffff,Asia/Calcutta,,False,5,139,https://search.google.com/local/reviews?placeid=ChIJFa74xcJZqDsRFxFwCwGY97g&q=*&authuser=0&hl=en&gl=IN,,"{""1"": 0, ""2"": 0, ""3"": 0, ""4"": 2, ""5"": 137}",0,0,0,2,137,86,https://lh3.googleusercontent.com/gps-cs-s/AHRPTWnZ99bhSDJ5qBC4eUzWjlqGZdkE15DfH-0_WcTAiLlZrZ1JHjaQfJLFAu6kGyVTE0guBcm4xjOklRZ2YVIm65Q2tYWrwQFEBu2Wft2rx-0zy5QXplIwVnlq5ZEaspcvM14wwPdlmw=w800-h500-k-no,https://lh3.googleusercontent.com/gps-cs-s/AHRPTWnZ99bhSDJ5qBC4eUzWjlqGZdkE15DfH-0_WcTAiLlZrZ1JHjaQfJLFAu6kGyVTE0guBcm4xjOklRZ2YVIm65Q2tYWrwQFEBu2Wft2rx-0zy5QXplIwVnlq5ZEaspcvM14wwPdlmw=w1600-h1000-k-no,https://lh4.googleusercontent.com/-1iTHVfRGbPM/AAAAAAAAAAI/AAAAAAAAAAA/0P6lE_r59bc/s44-p-k-no-ns-nd/photo.jpg,,,OPERATIONAL,"{""Monday"": [""10am-8:30pm""], ""Tuesday"": [""10am-8:30pm""], ""Wednesday"": [""10am-8:30pm""], ""Thursday"": [""10am-8:30pm""], ""Friday"": [""10am-8:30pm""], ""Saturday"": [""10am-8:30pm""], ""Sunday"": [""10am-2pm""]}","Sunday,10am,2pm|Monday,10am,8:30pm|Tuesday,10am,8:30pm|Wednesday,10am,8:30pm|Thursday,10am,8:30pm|Friday,10am,8:30pm|Saturday,10am,8:30pm",,,,,,,,,,"{""From the business"": {""Identifies as women-owned"": true}, ""Service options"": {""On-site services"": true}, ""Accessibility"": {""Assistive hearing loop"": false, ""Wheelchair-accessible car park"": false, ""Wheelchair-accessible entrance"": false, ""Wheelchair-accessible seating"": false, ""Wheelchair-accessible toilet"": false}, ""Amenities"": {""Gender-neutral toilets"": true}, ""Crowd"": {""LGBTQ+ friendly"": true}, ""Parking"": {""Free street parking"": true}, ""Other"": {""LGBTQ+ friendly"": true, ""Identifies as women-owned"": true}}",,,True,116079370635769812638,Kalpavruksh Academy - CA Coaching Institute in Coimbatore,https://www.google.com/maps/contrib/116079370635769812638,"https://www.google.com/maps/place/Kalpavruksh+Academy+-+CA+Coaching+Institute+in+Coimbatore/@11.0127729,76.9514166,14z/data=!4m8!1m2!2m1!1sKalpavruksh+Academy+-+CA+Coaching+Institute+in+Coimbatore!3m4!1s0x3ba859c2c5f8ae15:0xb8f798010b701117!8m2!3d11.0127729!4d76.9514166","https://www.google.com/maps/place/Kalpavruksh+Academy+-+CA+Coaching+Institute+in+Coimbatore/@11.0127729,76.9514166,13.99z/data=!4m16!1m7!3m6!1s0x3ba859c2c5f8ae15:0xb8f798010b701117!2sKalpavruksh+Academy+-+CA+Coaching+Institute+in+Coimbatore!8m2!3d11.0127729!4d76.9514166!16s%2Fg%2F11ckvg1dmb!3m7!1s0x3ba859c2c5f8ae15:0xb8f798010b701117!8m2!3d11.0127729!4d76.9514166!9m1!1b1!16s%2Fg%2F11ckvg1dmb?entry=ttu",ChIJFa74xcJZqDsRFxFwCwGY97g,0x3ba859c2c5f8ae15:0xb8f798010b701117,1.33283E+19,/g/11sy71vdf_,-5.11846E+18,,,,,,,,,,,
"CA, 641025, Coimbatore, Tamil Nadu, IN",ANBARASU & JALAPATHI,Anbarasu And Jalapathi,Chartered accountant,Chartered accountant,Chartered accountant,+91 98428 96673,http://anbujala.ca/,"30C, Alagesan Road, Saibaba Colony, Coimbatore - 641 011Tamil Nadu, Tamil Nadu 641011","30C, Alagesan Road, Saibaba Colony, Coimbatore - 641 011Tamil Nadu",Coimbatore,Nesavaalar Colony,Tamil Nadu,,641011,India,IN,anbujala.ca,,,,,,,,,,,,,info@anbujala.ca,RECEIVING,Role,,,,,,,ANBARASU & JALAPATHI –  chartered accountant,,WordPress 5.8.2,,,https://anbujala.ca/contact/,11.0233541,76.9500425,89603386bd3ffff,Asia/Calcutta,,False,4.9,118,https://search.google.com/local/reviews?placeid=ChIJ8xYs-ehYqDsR_GLLBtI7SiM&q=*&authuser=0&hl=en&gl=IN,,"{""1"": 0, ""2"": 0, ""3"": 1, ""4"": 7, ""5"": 110}",0,0,1,7,110,32,https://lh3.googleusercontent.com/gps-cs-s/AHRPTWnb_XQxNmOZqnduzsb5nXaOWBujiZfr9TLMvL07tc6B1tLZUdqIELUfqRArZ4e8K4O5K7c8MIZgJQH50wDABdnDUreXc_FaHr3r5VmPJv24j9YBg5C-BRI279-Nc7H3Fx9d-gVhI2OJrNSj=w800-h500-k-no,https://lh3.googleusercontent.com/gps-cs-s/AHRPTWnN9yqhy4C68tNQKTmz4fEHXFXGG_ITiVFfXt4kgU-GIQIDV4BPAr37rCsseiXY_rIS47YMhnfUpwCLWxI0gcP6S9M0OBNjCwIBIFQN553_9iarntDgRjJfU7N22OonrNX08Ply=w1600-h1000-k-no,https://lh3.googleusercontent.com/-doqDy_xZcDg/AAAAAAAAAAI/AAAAAAAAAAA/xcYodnmLbk0/s44-p-k-no-ns-nd/photo.jpg,,,OPERATIONAL,"{""Monday"": [""9:30am-6:30pm""], ""Tuesday"": [""9:30am-6:30pm""], ""Wednesday"": [""9:30am-6:30pm""], ""Thursday"": [""9:30am-6:30pm""], ""Friday"": [""9:30am-6:30pm""], ""Saturday"": [""9:30am-6:30pm""], ""Sunday"": [""Closed""]}","Monday,9:30am,6:30pm|Tuesday,9:30am,6:30pm|Wednesday,9:30am,6:30pm|Thursday,9:30am,6:30pm|Friday,9:30am,6:30pm|Saturday,9:30am,6:30pm",,,,,,,,,,"{""Accessibility"": {""Wheelchair-accessible car park"": false, ""Wheelchair-accessible entrance"": false}, ""Planning"": {""Appointments recommended"": true}}",,,True,101943176051862964014,ANBARASU & JALAPATHI,https://www.google.com/maps/contrib/101943176051862964014,"https://www.google.com/maps/place/ANBARASU+%26+JALAPATHI/@11.023354099999999,76.9500425,14z/data=!4m8!1m2!2m1!1sANBARASU+%26+JALAPATHI!3m4!1s0x3ba858e8f92c16f3:0x234a3bd206cb62fc!8m2!3d11.023354099999999!4d76.9500425","https://www.google.com/maps/place/ANBARASU+%26+JALAPATHI/@11.023354099999999,76.9500425,13.99z/data=!4m16!1m7!3m6!1s0x3ba858e8f92c16f3:0x234a3bd206cb62fc!2sANBARASU+%26+JALAPATHI!8m2!3d11.023354099999999!4d76.9500425!16s%2Fg%2F11ckvg1dmb!3m7!1s0x3ba858e8f92c16f3:0x234a3bd206cb62fc!8m2!3d11.023354099999999!4d76.9500425!9m1!1b1!16s%2Fg%2F11ckvg1dmb?entry=ttu",ChIJ8xYs-ehYqDsR_GLLBtI7SiM,0x3ba858e8f92c16f3:0x234a3bd206cb62fc,2.54291E+18,/g/1tcxy7rp,2.54291E+18,,,,,,,,,,,
"CA, 641025, Coimbatore, Tamil Nadu, IN",Suriya & Co,Suriya And,"Chartered accountant, Accountant, Accounting firm, Auditor, Financial audit, Legal services, Tax consultant, Tax preparation",Auditor,Chartered accountant,+91 99763 72162,http://casuriya.in/,"Sri Maaran Enterprises, 499-D, NSR Rd, Saibaba Colony, Kuppakonam Pudur, Coimbatore, Tamil Nadu 641038","Sri Maaran Enterprises, 499-D, NSR Rd",Coimbatore,"Saibaba Colony, Kuppakonam Pudur",Tamil Nadu,,641038,India,IN,,,,,,,,,,,,,,,,,,,,,,,,,,,,,11.0269603,76.9465865,89603386bcfffff,Asia/Calcutta,,False,5,294,https://search.google.com/local/reviews?placeid=ChIJDxMhnrJZqDsRY6GKRJu1XaI&q=*&authuser=0&hl=en&gl=IN,,"{""1"": 0, ""2"": 0, ""3"": 2, ""4"": 10, ""5"": 282}",0,0,2,10,282,5,https://streetviewpixels-pa.googleapis.com/v1/thumbnail?panoid=hOkGa1l8goUvKtimub8Ipw&cb_client=search.gws-prod.gps&w=800&h=500&yaw=334.78436&pitch=0&thumbfov=100,https://lh3.googleusercontent.com/gps-cs-s/AHRPTWnTtXlBHFByOQgpX75vGRhVHxRj1BCunLoCgMupZWyythJ61V6K6U8zLdEAUi_l14Deh_mJwE9fE0R3BTRS_HX-69KRVdzUnJq0tmHMmJrX2icmkuBMpumKP3ad07s8DvlKZ0ixVSqDnL0=w1600-h1000-k-no,https://lh3.googleusercontent.com/-Gk2uNCV2-ow/AAAAAAAAAAI/AAAAAAAAAAA/2ExG-kBbmO8/s44-p-k-no-ns-nd/photo.jpg,,,OPERATIONAL,"{""Monday"": [""10am-7pm""], ""Tuesday"": [""10am-7pm""], ""Wednesday"": [""10am-7pm""], ""Thursday"": [""10am-7pm""], ""Friday"": [""10am-7pm""], ""Saturday"": [""10am-7pm""], ""Sunday"": [""Closed""]}","Monday,10am,7pm|Tuesday,10am,7pm|Wednesday,10am,7pm|Thursday,10am,7pm|Friday,10am,7pm|Saturday,10am,7pm","[{""online_operating_hours"": {""Monday"": ""9 am-5 pm"", ""Tuesday"": ""9 am-5 pm"", ""Wednesday"": ""9 am-5 pm"", ""Thursday"": ""9 am-5 pm"", ""Friday"": ""9 am-5 pm"", ""Saturday"": ""9 am-5 pm"", ""Sunday"": ""Closed""}}]",,,,,,,,,"{""Service options"": {""On-site services"": true}, ""Accessibility"": {""Wheelchair-accessible entrance"": false, ""Wheelchair-accessible seating"": false, ""Wheelchair-accessible toilet"": false}}",Team of friendly experts providing a wide array of tax and auditing services.,,True,101527029134205385244,Suriya & Co,https://www.google.com/maps/contrib/101527029134205385244,"https://www.google.com/maps/place/Suriya+%26+Co/@11.026960299999999,76.9465865,14z/data=!4m8!1m2!2m1!1sSuriya+%26+Co!3m4!1s0x3ba859b29e21130f:0xa25db59b448aa163!8m2!3d11.026960299999999!4d76.9465865","https://www.google.com/maps/place/Suriya+%26+Co/@11.026960299999999,76.9465865,13.99z/data=!4m16!1m7!3m6!1s0x3ba859b29e21130f:0xa25db59b448aa163!2sSuriya+%26+Co!8m2!3d11.026960299999999!4d76.9465865!16s%2Fg%2F11ckvg1dmb!3m7!1s0x3ba859b29e21130f:0xa25db59b448aa163!8m2!3d11.026960299999999!4d76.9465865!9m1!1b1!16s%2Fg%2F11ckvg1dmb?entry=ttu",ChIJDxMhnrJZqDsRY6GKRJu1XaI,0x3ba859b29e21130f:0xa25db59b448aa163,1.16997E+19,/g/11sdmb6n_q,-6.74704E+18,,,,,,,,,,,
"CA, 641025, Coimbatore, Tamil Nadu, IN","KS Academy - Best #1 CA and ACCA Coaching Academy or Institute in Coimbatore, Tamil Nadu",Ks Academy Best #1 Ca And Acca Coaching Academy Or Institute In Coimbatore Tamil Nadu,"Educational institution, Coaching Center, Education center",Educational institution,Educational institution,+91 99246 12345,https://www.ksacademycoimbatore.com/,"2, &, Dr Krishnasamy Mudaliyar Rd, opposite to kikani School, behind Brookefield Mall, R.S. Puram, Coimbatore, Tamil Nadu 641002","2, &, Dr Krishnasamy Mudaliyar Rd, opposite to kikani School, behind Brookefield Mall",Coimbatore,"Sukrawar Pettai, R.S. Puram",Tamil Nadu,,641002,India,IN,ksacademycoimbatore.com,,919924612345,919924612345,https://in.linkedin.com/company/ksacademyca,https://www.facebook.com/caksaravanan/,https://www.instagram.com/ksara2311,https://twitter.com/ksacademyca,https://www.youtube.com/channel/UCC3nk6XAs5uuOFRxgawl02Q,,,,,ksacademycoimbatore@gmail.com,RECEIVING,Verified,,,,,,,"Best CA Coaching Institute in Coimbatore | CA Foundation, Inter and Final | KS Academy Coimbatore","KS Academy Coimbatore -  No.1 Coaching Institute for CA in Coimbatore, India provides best coaching classes for CA Foundation, CA Intermediate and CA Final courses. KS Academy has now rooted its branch in Coimbatore, India.",,1,0,https://www.ksacademycoimbatore.com/about-ksa.php,11.0108374,76.9586369,8960338681bffff,Asia/Calcutta,,False,4.3,154,https://search.google.com/local/reviews?placeid=ChIJnesTfTZYqDsR9oa5u4NLjNE&q=*&authuser=0&hl=en&gl=IN,,"{""1"": 18, ""2"": 5, ""3"": 0, ""4"": 15, ""5"": 116}",18,5,0,15,116,12,https://lh3.googleusercontent.com/gps-cs-s/AHRPTWnmdr3ufHIZGfhkMyj_RlwLHEogoWeQhvY20mH_i3R19zlDQkKa0czA39lvsX6_sFvadCjXh79_3PaLpEKERbU0q7yvroJtm3K8xMVjENzXqU6HeLxSuEpWvRXGDbjeSSZ-9cb8NA=w800-h500-k-no,https://lh3.googleusercontent.com/gps-cs-s/AHRPTWkjTp4VnZwvvuAZg3WnPJMSxti9-GZLd8D_c-P--TTF-h4urkFlNyxQIEfgGCZGfVgw87-C1EtPlT1KBG5bSITrbWk09TJb4NO3Wwi859xwpCfyfvUgM-TmlNcQjoDhTc0dVzgU=w1600-h1000-k-no,https://lh6.googleusercontent.com/-_tcKEMSwsPI/AAAAAAAAAAI/AAAAAAAAAAA/0zUajA-Pku4/s44-p-k-no-ns-nd/photo.jpg,,,OPERATIONAL,"{""Monday"": [""9:30am-6:30pm""], ""Tuesday"": [""9:30am-6:30pm""], ""Wednesday"": [""9:30am-6:30pm""], ""Thursday"": [""9:30am-6:30pm""], ""Friday"": [""9:30am-6:30pm""], ""Saturday"": [""9:30am-6:30pm""], ""Sunday"": [""9:30am-5pm""]}","Sunday,9:30am,5pm|Monday,9:30am,6:30pm|Tuesday,9:30am,6:30pm|Wednesday,9:30am,6:30pm|Thursday,9:30am,6:30pm|Friday,9:30am,6:30pm|Saturday,9:30am,6:30pm",,,,,,,,,,,,,True,115053216062034537585,"KS Academy - Best #1 CA and ACCA Coaching Academy or Institute in Coimbatore, Tamil Nadu",https://www.google.com/maps/contrib/115053216062034537585,"https://www.google.com/maps/place/KS+Academy+-+Best+%231+CA+and+ACCA+Coaching+Academy+or+Institute+in+Coimbatore%2C+Tamil+Nadu/@11.0108374,76.9586369,14z/data=!4m8!1m2!2m1!1sKS+Academy+-+Best+%231+CA+and+ACCA+Coaching+Academy+or+Institute+in+Coimbatore%2C+Tamil+Nadu!3m4!1s0x3ba858367d13eb9d:0xd18c4b83bbb986f6!8m2!3d11.0108374!4d76.9586369","https://www.google.com/maps/place/KS+Academy+-+Best+%231+CA+and+ACCA+Coaching+Academy+or+Institute+in+Coimbatore%2C+Tamil+Nadu/@11.0108374,76.9586369,13.99z/data=!4m16!1m7!3m6!1s0x3ba858367d13eb9d:0xd18c4b83bbb986f6!2sKS+Academy+-+Best+%231+CA+and+ACCA+Coaching+Academy+or+Institute+in+Coimbatore%2C+Tamil+Nadu!8m2!3d11.0108374!4d76.9586369!16s%2Fg%2F11ckvg1dmb!3m7!1s0x3ba858367d13eb9d:0xd18c4b83bbb986f6!8m2!3d11.0108374!4d76.9586369!9m1!1b1!16s%2Fg%2F11ckvg1dmb?entry=ttu",ChIJnesTfTZYqDsR9oa5u4NLjNE,0x3ba858367d13eb9d:0xd18c4b83bbb986f6,1.50995E+19,/g/11mh_p3l7w,-3.34722E+18,250,50000000,2010,EDUCATION_MANAGEMENT,0,KS Academy,India,Tamil Nadu,Chennai,,
"CA, 641025, Coimbatore, Tamil Nadu, IN",The Coimbatore Branch Of SIRC of ICAI Bhawan,The Coimbatore Branch Of Sirc Of Icai Bhawan,Professional and hobby associations,Professional and hobby associations,Professional and hobby associations,+91 422 255 2872,http://www.icai.org/,"No.8, Diwan Bahadur Rd, R.S. Puram, Coimbatore, Tamil Nadu 641002","No.8, Diwan Bahadur Rd",Coimbatore,R.S. Puram,Tamil Nadu,,641002,India,IN,icai.org,avb and co,911139893990,"911139893990, 919643570341, 912642246224, 912301524, 911139893989",https://www.linkedin.com/company/avb-&-co-,https://www.facebook.com/theicai,https://www.instagram.com/icaiorg,https://www.twitter.com/theicai,,Gary Arcus,Gary,Arcus,general manager,gary.arcus@icai.org,INVALID,Cannot validate,9126699139,9126699139,,,,,ICAI - The Institute of Chartered Accountants of India,"ICAI - The Institute of Chartered Accountants of India set up by an act of parliament. ICAI is established under the Chartered Accountants Act, 1949 (Act No. XXXVIII of 1949)",,0,0,linkedin,11.0148245,76.9500051,89603386867ffff,Asia/Calcutta,,False,4.6,77,https://search.google.com/local/reviews?placeid=ChIJ0VUwLoNZqDsRt9I95bIFkDU&q=*&authuser=0&hl=en&gl=IN,,"{""1"": 0, ""2"": 1, ""3"": 7, ""4"": 17, ""5"": 52}",0,1,7,17,52,8,https://lh3.googleusercontent.com/gps-cs-s/AHRPTWm1x2smUkiFn396PILXTZp4CfiqKQ0UMg6-Zh-6syBJSol-dNqblqHiu-rJ3KbodgA8CPnS0CqzhG_2ENTW91UGtZQ4np9Vs8VNQw2a9xe_EBIlvHBpDQ_uui2FrM7xfM5VFgqmj-h6ciM=w800-h500-k-no,https://lh3.googleusercontent.com/gps-cs-s/AHRPTWm1x2smUkiFn396PILXTZp4CfiqKQ0UMg6-Zh-6syBJSol-dNqblqHiu-rJ3KbodgA8CPnS0CqzhG_2ENTW91UGtZQ4np9Vs8VNQw2a9xe_EBIlvHBpDQ_uui2FrM7xfM5VFgqmj-h6ciM=w1600-h1000-k-no,,,,OPERATIONAL,,,,,,,,,,,,"{""Accessibility"": {""Wheelchair-accessible car park"": false, ""Wheelchair-accessible entrance"": false}}",,,False,,The Coimbatore Branch Of SIRC of ICAI Bhawan,,"https://www.google.com/maps/place/The+Coimbatore+Branch+Of+SIRC+of+ICAI+Bhawan/@11.0148245,76.9500051,14z/data=!4m8!1m2!2m1!1sThe+Coimbatore+Branch+Of+SIRC+of+ICAI+Bhawan!3m4!1s0x3ba859832e3055d1:0x359005b2e53dd2b7!8m2!3d11.0148245!4d76.9500051","https://www.google.com/maps/place/The+Coimbatore+Branch+Of+SIRC+of+ICAI+Bhawan/@11.0148245,76.9500051,13.99z/data=!4m16!1m7!3m6!1s0x3ba859832e3055d1:0x359005b2e53dd2b7!2sThe+Coimbatore+Branch+Of+SIRC+of+ICAI+Bhawan!8m2!3d11.0148245!4d76.9500051!16s%2Fg%2F11ckvg1dmb!3m7!1s0x3ba859832e3055d1:0x359005b2e53dd2b7!8m2!3d11.0148245!4d76.9500051!9m1!1b1!16s%2Fg%2F11ckvg1dmb?entry=ttu",ChIJ0VUwLoNZqDsRt9I95bIFkDU,0x3ba859832e3055d1:0x359005b2e53dd2b7,3.85959E+18,/g/11g310zddd,3.85959E+18,5000,1000000,1949,ACCOUNTING,0,ICAI,India,Delhi,New Delhi,110002,Plot No 8 Parshwanath Nagar
"CA, 641025, Coimbatore, Tamil Nadu, IN",The Coimbatore Branch Of SIRC of ICAI Bhawan,The Coimbatore Branch Of Sirc Of Icai Bhawan,Professional and hobby associations,Professional and hobby associations,Professional and hobby associations,+91 422 255 2872,http://www.icai.org/,"No.8, Diwan Bahadur Rd, R.S. Puram, Coimbatore, Tamil Nadu 641002","No.8, Diwan Bahadur Rd",Coimbatore,R.S. Puram,Tamil Nadu,,641002,India,IN,icai.org,avb and co,911139893990,"911139893990, 919643570341, 912642246224, 912301524, 911139893989",https://www.linkedin.com/company/avb-&-co-,https://www.facebook.com/theicai,https://www.instagram.com/icaiorg,https://www.twitter.com/theicai,,Shri Nair,Shri,Nair,president,nair@icai.org,RECEIVING,SMTP validated,,,,,,,ICAI - The Institute of Chartered Accountants of India,"ICAI - The Institute of Chartered Accountants of India set up by an act of parliament. ICAI is established under the Chartered Accountants Act, 1949 (Act No. XXXVIII of 1949)",,0,0,linkedin,11.0148245,76.9500051,89603386867ffff,Asia/Calcutta,,False,4.6,77,https://search.google.com/local/reviews?placeid=ChIJ0VUwLoNZqDsRt9I95bIFkDU&q=*&authuser=0&hl=en&gl=IN,,"{""1"": 0, ""2"": 1, ""3"": 7, ""4"": 17, ""5"": 52}",0,1,7,17,52,8,https://lh3.googleusercontent.com/gps-cs-s/AHRPTWm1x2smUkiFn396PILXTZp4CfiqKQ0UMg6-Zh-6syBJSol-dNqblqHiu-rJ3KbodgA8CPnS0CqzhG_2ENTW91UGtZQ4np9Vs8VNQw2a9xe_EBIlvHBpDQ_uui2FrM7xfM5VFgqmj-h6ciM=w800-h500-k-no,https://lh3.googleusercontent.com/gps-cs-s/AHRPTWm1x2smUkiFn396PILXTZp4CfiqKQ0UMg6-Zh-6syBJSol-dNqblqHiu-rJ3KbodgA8CPnS0CqzhG_2ENTW91UGtZQ4np9Vs8VNQw2a9xe_EBIlvHBpDQ_uui2FrM7xfM5VFgqmj-h6ciM=w1600-h1000-k-no,,,,OPERATIONAL,,,,,,,,,,,,"{""Accessibility"": {""Wheelchair-accessible car park"": false, ""Wheelchair-accessible entrance"": false}}",,,False,,The Coimbatore Branch Of SIRC of ICAI Bhawan,,"https://www.google.com/maps/place/The+Coimbatore+Branch+Of+SIRC+of+ICAI+Bhawan/@11.0148245,76.9500051,14z/data=!4m8!1m2!2m1!1sThe+Coimbatore+Branch+Of+SIRC+of+ICAI+Bhawan!3m4!1s0x3ba859832e3055d1:0x359005b2e53dd2b7!8m2!3d11.0148245!4d76.9500051","https://www.google.com/maps/place/The+Coimbatore+Branch+Of+SIRC+of+ICAI+Bhawan/@11.0148245,76.9500051,13.99z/data=!4m16!1m7!3m6!1s0x3ba859832e3055d1:0x359005b2e53dd2b7!2sThe+Coimbatore+Branch+Of+SIRC+of+ICAI+Bhawan!8m2!3d11.0148245!4d76.9500051!16s%2Fg%2F11ckvg1dmb!3m7!1s0x3ba859832e3055d1:0x359005b2e53dd2b7!8m2!3d11.0148245!4d76.9500051!9m1!1b1!16s%2Fg%2F11ckvg1dmb?entry=ttu",ChIJ0VUwLoNZqDsRt9I95bIFkDU,0x3ba859832e3055d1:0x359005b2e53dd2b7,3.85959E+18,/g/11g310zddd,3.85959E+18,5000,1000000,1949,ACCOUNTING,0,ICAI,India,Delhi,New Delhi,110002,Plot No 8 Parshwanath Nagar
"CA, 641025, Coimbatore, Tamil Nadu, IN",The Coimbatore Branch Of SIRC of ICAI Bhawan,The Coimbatore Branch Of Sirc Of Icai Bhawan,Professional and hobby associations,Professional and hobby associations,Professional and hobby associations,+91 422 255 2872,http://www.icai.org/,"No.8, Diwan Bahadur Rd, R.S. Puram, Coimbatore, Tamil Nadu 641002","No.8, Diwan Bahadur Rd",Coimbatore,R.S. Puram,Tamil Nadu,,641002,India,IN,icai.org,avb and co,911139893990,"911139893990, 919643570341, 912642246224, 912301524, 911139893989",https://www.linkedin.com/company/avb-&-co-,https://www.facebook.com/theicai,https://www.instagram.com/icaiorg,https://www.twitter.com/theicai,,Sidhesh Vijayakumar,Sidhesh,Vijayakumar,partner,sidhesh.v.kumar@icai.org,INVALID,Cannot validate,8939588800,8939588800,,,,,ICAI - The Institute of Chartered Accountants of India,"ICAI - The Institute of Chartered Accountants of India set up by an act of parliament. ICAI is established under the Chartered Accountants Act, 1949 (Act No. XXXVIII of 1949)",,0,0,linkedin,11.0148245,76.9500051,89603386867ffff,Asia/Calcutta,,False,4.6,77,https://search.google.com/local/reviews?placeid=ChIJ0VUwLoNZqDsRt9I95bIFkDU&q=*&authuser=0&hl=en&gl=IN,,"{""1"": 0, ""2"": 1, ""3"": 7, ""4"": 17, ""5"": 52}",0,1,7,17,52,8,https://lh3.googleusercontent.com/gps-cs-s/AHRPTWm1x2smUkiFn396PILXTZp4CfiqKQ0UMg6-Zh-6syBJSol-dNqblqHiu-rJ3KbodgA8CPnS0CqzhG_2ENTW91UGtZQ4np9Vs8VNQw2a9xe_EBIlvHBpDQ_uui2FrM7xfM5VFgqmj-h6ciM=w800-h500-k-no,https://lh3.googleusercontent.com/gps-cs-s/AHRPTWm1x2smUkiFn396PILXTZp4CfiqKQ0UMg6-Zh-6syBJSol-dNqblqHiu-rJ3KbodgA8CPnS0CqzhG_2ENTW91UGtZQ4np9Vs8VNQw2a9xe_EBIlvHBpDQ_uui2FrM7xfM5VFgqmj-h6ciM=w1600-h1000-k-no,,,,OPERATIONAL,,,,,,,,,,,,"{""Accessibility"": {""Wheelchair-accessible car park"": false, ""Wheelchair-accessible entrance"": false}}",,,False,,The Coimbatore Branch Of SIRC of ICAI Bhawan,,"https://www.google.com/maps/place/The+Coimbatore+Branch+Of+SIRC+of+ICAI+Bhawan/@11.0148245,76.9500051,14z/data=!4m8!1m2!2m1!1sThe+Coimbatore+Branch+Of+SIRC+of+ICAI+Bhawan!3m4!1s0x3ba859832e3055d1:0x359005b2e53dd2b7!8m2!3d11.0148245!4d76.9500051","https://www.google.com/maps/place/The+Coimbatore+Branch+Of+SIRC+of+ICAI+Bhawan/@11.0148245,76.9500051,13.99z/data=!4m16!1m7!3m6!1s0x3ba859832e3055d1:0x359005b2e53dd2b7!2sThe+Coimbatore+Branch+Of+SIRC+of+ICAI+Bhawan!8m2!3d11.0148245!4d76.9500051!16s%2Fg%2F11ckvg1dmb!3m7!1s0x3ba859832e3055d1:0x359005b2e53dd2b7!8m2!3d11.0148245!4d76.9500051!9m1!1b1!16s%2Fg%2F11ckvg1dmb?entry=ttu",ChIJ0VUwLoNZqDsRt9I95bIFkDU,0x3ba859832e3055d1:0x359005b2e53dd2b7,3.85959E+18,/g/11g310zddd,3.85959E+18,5000,1000000,1949,ACCOUNTING,0,ICAI,India,Delhi,New Delhi,110002,Plot No 8 Parshwanath Nagar
"CA, 641025, Coimbatore, Tamil Nadu, IN",CA. V.S. Aadhavanbalaji,Ca V S Aadhavanbalaji,Chartered accountant,Chartered accountant,Chartered accountant,+91 99659 22332,,"Shop No.209/13, K.S.G. Complex, Sastri Rd, Near Delhiwala, Opp. To Coffee Day, Ram Nagar, Coimbatore, Tamil Nadu 641009","Shop No.209/13, K.S.G. Complex, Sastri Rd",Coimbatore,"Near Delhiwala, Opp. To Coffee Day, Ram Nagar",Tamil Nadu,,641009,India,IN,,,,,,,,,,,,,,,,,,,,,,,,,,,,,11.0125099,76.9629762,896033868cfffff,Asia/Calcutta,,False,5,1,https://search.google.com/local/reviews?placeid=ChIJteULFQBZqDsRqOTSPwrieek&q=*&authuser=0&hl=en&gl=IN,,"{""1"": 0, ""2"": 0, ""3"": 0, ""4"": 0, ""5"": 1}",0,0,0,0,1,3,https://lh3.googleusercontent.com/gps-proxy/ALd4DhFdiED4aHwSqAfSCwBTNH3r9ycJHT-71k6hv2FqfydmMbAJTYji8tayY7hSJ1ABNLXt7Q5wUZAAzEou0mvHMrBqBGf_d-IRTUnHBsknfu2CSFDSsAEP4Ba-TB0p0AoGRRH-rx7yRXXh0Rs_8oIqkZyQWq3SHM0miznuj4r9McEE_Yax_G8EpmH8eg_vUa5RJvRotn4=w800-h500-k-no,https://lh3.googleusercontent.com/gps-proxy/ALd4DhFdiED4aHwSqAfSCwBTNH3r9ycJHT-71k6hv2FqfydmMbAJTYji8tayY7hSJ1ABNLXt7Q5wUZAAzEou0mvHMrBqBGf_d-IRTUnHBsknfu2CSFDSsAEP4Ba-TB0p0AoGRRH-rx7yRXXh0Rs_8oIqkZyQWq3SHM0miznuj4r9McEE_Yax_G8EpmH8eg_vUa5RJvRotn4=w1600-h1000-k-no,,,,OPERATIONAL,"{""Monday"": [""10am-7pm""], ""Tuesday"": [""10am-7pm""], ""Wednesday"": [""10am-7pm""], ""Thursday"": [""10am-7pm""], ""Friday"": [""10am-7pm""], ""Saturday"": [""10am-7pm""], ""Sunday"": [""Closed""]}","Monday,10am,7pm|Tuesday,10am,7pm|Wednesday,10am,7pm|Thursday,10am,7pm|Friday,10am,7pm|Saturday,10am,7pm",,,,,,,,,,,,,False,,CA. V.S. Aadhavanbalaji,,"https://www.google.com/maps/place/CA.+V.S.+Aadhavanbalaji/@11.0125099,76.9629762,14z/data=!4m8!1m2!2m1!1sCA.+V.S.+Aadhavanbalaji!3m4!1s0x3ba85900150be5b5:0xe979e20a3fd2e4a8!8m2!3d11.0125099!4d76.9629762","https://www.google.com/maps/place/CA.+V.S.+Aadhavanbalaji/@11.0125099,76.9629762,13.99z/data=!4m16!1m7!3m6!1s0x3ba85900150be5b5:0xe979e20a3fd2e4a8!2sCA.+V.S.+Aadhavanbalaji!8m2!3d11.0125099!4d76.9629762!16s%2Fg%2F11ckvg1dmb!3m7!1s0x3ba85900150be5b5:0xe979e20a3fd2e4a8!8m2!3d11.0125099!4d76.9629762!9m1!1b1!16s%2Fg%2F11ckvg1dmb?entry=ttu",ChIJteULFQBZqDsRqOTSPwrieek,0x3ba85900150be5b5:0xe979e20a3fd2e4a8,1.68237E+19,/g/1q6j92zw1,-1.62302E+18,,,,,,,,,,,
"CA, 641025, Coimbatore, Tamil Nadu, IN","ArivuPro Academy – CA, CS, ACCA, CMA (India & USA), CFA, CPA US, FRM, CIA, EA & B.Com Coaching Classes in Coimbatore",Arivupro Academy – Ca Cs Acca Cma India And Usa Cfa Cpa Us Frm Cia Ea And B Com Coaching Classes In Coimbatore,"Coaching Center, Accounting school, Education center, Educational consultant, Educational institution, Private educational institution, Training center",Coaching center,Coaching Center,+91 96866 65253,https://www.arivupro.com/best-ca-coaching-classes-institute-center-in-coimbatore,"1st Floor, ArivuPro Academy, 77, Vivekananda Rd, Ram Nagar, Coimbatore, Tamil Nadu 641009","1st Floor, ArivuPro Academy, 77, Vivekananda Rd",Coimbatore,Ram Nagar,Tamil Nadu,,641009,India,IN,arivupro.com,Arivu,919686665253,"919686665253, 9686665253",http://www.linkedin.com/company/7603674,http://www.facebook.com/arivupro,https://www.instagram.com/arivupro,http://www.twitter.com/arivupro,https://www.youtube.com/channel/UCP8wEbtqYPaPT6iS_9T6A1Q,Tobin .,Tobin,.,chief executive officer,tobin@arivupro.com,INVALID,Cannot validate,,,,,,,"ArivuPro Academy - Best CA, CS, CPA, CIMA, CMA US Coaching Classes Center Institute in Bangalore, India","Top & Best CA, CS, CPA, CIMA, CMA US Coaching Classes in Bangalore for CA Foundation (CPT), CA Intermediate (IPCC), CSEET, CS Executive, CS Professional and ACCA, CMA US Classes are provided at Arivupro Academy","Zoho Sites 2.0, http://zoho.com/sites",,,linkedin,11.0122728,76.9615831,896033868cfffff,Asia/Calcutta,,False,4.7,75,https://search.google.com/local/reviews?placeid=ChIJ5Ut4H1VZqDsReKBogj5Twp8&q=*&authuser=0&hl=en&gl=IN,,"{""1"": 2, ""2"": 0, ""3"": 2, ""4"": 7, ""5"": 64}",2,0,2,7,64,69,https://lh3.googleusercontent.com/gps-cs-s/AHRPTWlmwLAwsiJydOd0v2sJjU4aS_WPw6zsP7eHyhtrwqHnPoZEbMpl88rdwbNdq88IsTvrPNnHSo94hqH2SI4oHhjy4PKl2XnH2cBZJez_dWEt-aD-chMK488ezViYsiAcl01tI0tz4c9Tzls=w800-h500-k-no,https://lh3.googleusercontent.com/gps-cs-s/AHRPTWlmwLAwsiJydOd0v2sJjU4aS_WPw6zsP7eHyhtrwqHnPoZEbMpl88rdwbNdq88IsTvrPNnHSo94hqH2SI4oHhjy4PKl2XnH2cBZJez_dWEt-aD-chMK488ezViYsiAcl01tI0tz4c9Tzls=w1600-h1000-k-no,https://lh4.googleusercontent.com/-zImOolfT_oc/AAAAAAAAAAI/AAAAAAAAAAA/ML2VEXDg8-4/s44-p-k-no-ns-nd/photo.jpg,,,OPERATIONAL,"{""Monday"": [""9am-7pm""], ""Tuesday"": [""9am-7pm""], ""Wednesday"": [""9am-7pm""], ""Thursday"": [""9am-7pm""], ""Friday"": [""9am-7pm""], ""Saturday"": [""9am-6pm""], ""Sunday"": [""10am-6pm""]}","Sunday,10am,6pm|Monday,9am,7pm|Tuesday,9am,7pm|Wednesday,9am,7pm|Thursday,9am,7pm|Friday,9am,7pm|Saturday,9am,6pm",,,,,,,https://forms.zohopublic.in/arivueducationalconsultants/form/ArivuProAcademyAdmissionForm1stJuly/formperma/wynwuReqURuZec60x3zmQ6UWhtJRKn3Hm1uR2xlNjaQ,,https://forms.zohopublic.in/arivueducationalconsultants/form/ArivuProAcademyAdmissionForm1stJuly/formperma/wynwuReqURuZec60x3zmQ6UWhtJRKn3Hm1uR2xlNjaQ,"{""Service options"": {""Online classes"": true, ""On-site services"": true}, ""Accessibility"": {""Wheelchair-accessible seating"": true}, ""Crowd"": {""LGBTQ+ friendly"": true}, ""Parking"": {""Free parking lot"": true, ""Free street parking"": true, ""On-site parking"": true}, ""Other"": {""LGBTQ+ friendly"": true}}",,,True,104218697170095176804,"ArivuPro Academy – CA, CS, ACCA, CMA",https://www.google.com/maps/contrib/104218697170095176804,"https://www.google.com/maps/place/ArivuPro+Academy+%E2%80%93+CA%2C+CS%2C+ACCA%2C+CMA+%28India+%26+USA%29%2C+CFA%2C+CPA+US%2C+FRM%2C+CIA%2C+EA+%26+B.Com+Coaching+Classes+in+Coimbatore/@11.0122728,76.9615831,14z/data=!4m8!1m2!2m1!1sArivuPro+Academy+%E2%80%93+CA%2C+CS%2C+ACCA%2C+CMA+%28India+%26+USA%29%2C+CFA%2C+CPA+US%2C+FRM%2C+CIA%2C+EA+%26+B.Com+Coaching+Classes+in+Coimbatore!3m4!1s0x3ba859551f784be5:0x9fc2533e8268a078!8m2!3d11.0122728!4d76.9615831","https://www.google.com/maps/place/ArivuPro+Academy+%E2%80%93+CA%2C+CS%2C+ACCA%2C+CMA+%28India+%26+USA%29%2C+CFA%2C+CPA+US%2C+FRM%2C+CIA%2C+EA+%26+B.Com+Coaching+Classes+in+Coimbatore/@11.0122728,76.9615831,13.99z/data=!4m16!1m7!3m6!1s0x3ba859551f784be5:0x9fc2533e8268a078!2sArivuPro+Academy+%E2%80%93+CA%2C+CS%2C+ACCA%2C+CMA+%28India+%26+USA%29%2C+CFA%2C+CPA+US%2C+FRM%2C+CIA%2C+EA+%26+B.Com+Coaching+Classes+in+Coimbatore!8m2!3d11.0122728!4d76.9615831!16s%2Fg%2F11ckvg1dmb!3m7!1s0x3ba859551f784be5:0x9fc2533e8268a078!8m2!3d11.0122728!4d76.9615831!9m1!1b1!16s%2Fg%2F11ckvg1dmb?entry=ttu",ChIJ5Ut4H1VZqDsReKBogj5Twp8,0x3ba859551f784be5:0x9fc2533e8268a078,1.15119E+19,/g/11wbcd7580,-6.93489E+18,50,10000000,2015,EDUCATION_MANAGEMENT,0,ArivuPro,India,Karnataka,Bengaluru,560034,
"CA, 641025, Coimbatore, Tamil Nadu, IN","ArivuPro Academy – CA, CS, ACCA, CMA (India & USA), CFA, CPA US, FRM, CIA, EA & B.Com Coaching Classes in Coimbatore",Arivupro Academy – Ca Cs Acca Cma India And Usa Cfa Cpa Us Frm Cia Ea And B Com Coaching Classes In Coimbatore,"Coaching Center, Accounting school, Education center, Educational consultant, Educational institution, Private educational institution, Training center",Coaching center,Coaching Center,+91 96866 65253,https://www.arivupro.com/best-ca-coaching-classes-institute-center-in-coimbatore,"1st Floor, ArivuPro Academy, 77, Vivekananda Rd, Ram Nagar, Coimbatore, Tamil Nadu 641009","1st Floor, ArivuPro Academy, 77, Vivekananda Rd",Coimbatore,Ram Nagar,Tamil Nadu,,641009,India,IN,arivupro.com,Arivu,919686665253,"919686665253, 9686665253",http://www.linkedin.com/company/7603674,http://www.facebook.com/arivupro,https://www.instagram.com/arivupro,http://www.twitter.com/arivupro,https://www.youtube.com/channel/UCP8wEbtqYPaPT6iS_9T6A1Q,,,,,contact@arivupro.com,RECEIVING,Catch All,,,,,,,"ArivuPro Academy - Best CA, CS, CPA, CIMA, CMA US Coaching Classes Center Institute in Bangalore, India","Top & Best CA, CS, CPA, CIMA, CMA US Coaching Classes in Bangalore for CA Foundation (CPT), CA Intermediate (IPCC), CSEET, CS Executive, CS Professional and ACCA, CMA US Classes are provided at Arivupro Academy","Zoho Sites 2.0, http://zoho.com/sites",,,https://www.arivupro.com/admission,11.0122728,76.9615831,896033868cfffff,Asia/Calcutta,,False,4.7,75,https://search.google.com/local/reviews?placeid=ChIJ5Ut4H1VZqDsReKBogj5Twp8&q=*&authuser=0&hl=en&gl=IN,,"{""1"": 2, ""2"": 0, ""3"": 2, ""4"": 7, ""5"": 64}",2,0,2,7,64,69,https://lh3.googleusercontent.com/gps-cs-s/AHRPTWlmwLAwsiJydOd0v2sJjU4aS_WPw6zsP7eHyhtrwqHnPoZEbMpl88rdwbNdq88IsTvrPNnHSo94hqH2SI4oHhjy4PKl2XnH2cBZJez_dWEt-aD-chMK488ezViYsiAcl01tI0tz4c9Tzls=w800-h500-k-no,https://lh3.googleusercontent.com/gps-cs-s/AHRPTWlmwLAwsiJydOd0v2sJjU4aS_WPw6zsP7eHyhtrwqHnPoZEbMpl88rdwbNdq88IsTvrPNnHSo94hqH2SI4oHhjy4PKl2XnH2cBZJez_dWEt-aD-chMK488ezViYsiAcl01tI0tz4c9Tzls=w1600-h1000-k-no,https://lh4.googleusercontent.com/-zImOolfT_oc/AAAAAAAAAAI/AAAAAAAAAAA/ML2VEXDg8-4/s44-p-k-no-ns-nd/photo.jpg,,,OPERATIONAL,"{""Monday"": [""9am-7pm""], ""Tuesday"": [""9am-7pm""], ""Wednesday"": [""9am-7pm""], ""Thursday"": [""9am-7pm""], ""Friday"": [""9am-7pm""], ""Saturday"": [""9am-6pm""], ""Sunday"": [""10am-6pm""]}","Sunday,10am,6pm|Monday,9am,7pm|Tuesday,9am,7pm|Wednesday,9am,7pm|Thursday,9am,7pm|Friday,9am,7pm|Saturday,9am,6pm",,,,,,,https://forms.zohopublic.in/arivueducationalconsultants/form/ArivuProAcademyAdmissionForm1stJuly/formperma/wynwuReqURuZec60x3zmQ6UWhtJRKn3Hm1uR2xlNjaQ,,https://forms.zohopublic.in/arivueducationalconsultants/form/ArivuProAcademyAdmissionForm1stJuly/formperma/wynwuReqURuZec60x3zmQ6UWhtJRKn3Hm1uR2xlNjaQ,"{""Service options"": {""Online classes"": true, ""On-site services"": true}, ""Accessibility"": {""Wheelchair-accessible seating"": true}, ""Crowd"": {""LGBTQ+ friendly"": true}, ""Parking"": {""Free parking lot"": true, ""Free street parking"": true, ""On-site parking"": true}, ""Other"": {""LGBTQ+ friendly"": true}}",,,True,104218697170095176804,"ArivuPro Academy – CA, CS, ACCA, CMA",https://www.google.com/maps/contrib/104218697170095176804,"https://www.google.com/maps/place/ArivuPro+Academy+%E2%80%93+CA%2C+CS%2C+ACCA%2C+CMA+%28India+%26+USA%29%2C+CFA%2C+CPA+US%2C+FRM%2C+CIA%2C+EA+%26+B.Com+Coaching+Classes+in+Coimbatore/@11.0122728,76.9615831,14z/data=!4m8!1m2!2m1!1sArivuPro+Academy+%E2%80%93+CA%2C+CS%2C+ACCA%2C+CMA+%28India+%26+USA%29%2C+CFA%2C+CPA+US%2C+FRM%2C+CIA%2C+EA+%26+B.Com+Coaching+Classes+in+Coimbatore!3m4!1s0x3ba859551f784be5:0x9fc2533e8268a078!8m2!3d11.0122728!4d76.9615831","https://www.google.com/maps/place/ArivuPro+Academy+%E2%80%93+CA%2C+CS%2C+ACCA%2C+CMA+%28India+%26+USA%29%2C+CFA%2C+CPA+US%2C+FRM%2C+CIA%2C+EA+%26+B.Com+Coaching+Classes+in+Coimbatore/@11.0122728,76.9615831,13.99z/data=!4m16!1m7!3m6!1s0x3ba859551f784be5:0x9fc2533e8268a078!2sArivuPro+Academy+%E2%80%93+CA%2C+CS%2C+ACCA%2C+CMA+%28India+%26+USA%29%2C+CFA%2C+CPA+US%2C+FRM%2C+CIA%2C+EA+%26+B.Com+Coaching+Classes+in+Coimbatore!8m2!3d11.0122728!4d76.9615831!16s%2Fg%2F11ckvg1dmb!3m7!1s0x3ba859551f784be5:0x9fc2533e8268a078!8m2!3d11.0122728!4d76.9615831!9m1!1b1!16s%2Fg%2F11ckvg1dmb?entry=ttu",ChIJ5Ut4H1VZqDsReKBogj5Twp8,0x3ba859551f784be5:0x9fc2533e8268a078,1.15119E+19,/g/11wbcd7580,-6.93489E+18,50,10000000,2015,EDUCATION_MANAGEMENT,0,ArivuPro,India,Karnataka,Bengaluru,560034,
"CA, 641025, Coimbatore, Tamil Nadu, IN","ArivuPro Academy – CA, CS, ACCA, CMA (India & USA), CFA, CPA US, FRM, CIA, EA & B.Com Coaching Classes in Coimbatore",Arivupro Academy – Ca Cs Acca Cma India And Usa Cfa Cpa Us Frm Cia Ea And B Com Coaching Classes In Coimbatore,"Coaching Center, Accounting school, Education center, Educational consultant, Educational institution, Private educational institution, Training center",Coaching center,Coaching Center,+91 96866 65253,https://www.arivupro.com/best-ca-coaching-classes-institute-center-in-coimbatore,"1st Floor, ArivuPro Academy, 77, Vivekananda Rd, Ram Nagar, Coimbatore, Tamil Nadu 641009","1st Floor, ArivuPro Academy, 77, Vivekananda Rd",Coimbatore,Ram Nagar,Tamil Nadu,,641009,India,IN,arivupro.com,Arivu,919686665253,"919686665253, 9686665253",http://www.linkedin.com/company/7603674,http://www.facebook.com/arivupro,https://www.instagram.com/arivupro,http://www.twitter.com/arivupro,https://www.youtube.com/channel/UCP8wEbtqYPaPT6iS_9T6A1Q,,,,,help@arivupro.com,RECEIVING,Catch All,,,,,,,"ArivuPro Academy - Best CA, CS, CPA, CIMA, CMA US Coaching Classes Center Institute in Bangalore, India","Top & Best CA, CS, CPA, CIMA, CMA US Coaching Classes in Bangalore for CA Foundation (CPT), CA Intermediate (IPCC), CSEET, CS Executive, CS Professional and ACCA, CMA US Classes are provided at Arivupro Academy","Zoho Sites 2.0, http://zoho.com/sites",,,https://arivucompete.com/,11.0122728,76.9615831,896033868cfffff,Asia/Calcutta,,False,4.7,75,https://search.google.com/local/reviews?placeid=ChIJ5Ut4H1VZqDsReKBogj5Twp8&q=*&authuser=0&hl=en&gl=IN,,"{""1"": 2, ""2"": 0, ""3"": 2, ""4"": 7, ""5"": 64}",2,0,2,7,64,69,https://lh3.googleusercontent.com/gps-cs-s/AHRPTWlmwLAwsiJydOd0v2sJjU4aS_WPw6zsP7eHyhtrwqHnPoZEbMpl88rdwbNdq88IsTvrPNnHSo94hqH2SI4oHhjy4PKl2XnH2cBZJez_dWEt-aD-chMK488ezViYsiAcl01tI0tz4c9Tzls=w800-h500-k-no,https://lh3.googleusercontent.com/gps-cs-s/AHRPTWlmwLAwsiJydOd0v2sJjU4aS_WPw6zsP7eHyhtrwqHnPoZEbMpl88rdwbNdq88IsTvrPNnHSo94hqH2SI4oHhjy4PKl2XnH2cBZJez_dWEt-aD-chMK488ezViYsiAcl01tI0tz4c9Tzls=w1600-h1000-k-no,https://lh4.googleusercontent.com/-zImOolfT_oc/AAAAAAAAAAI/AAAAAAAAAAA/ML2VEXDg8-4/s44-p-k-no-ns-nd/photo.jpg,,,OPERATIONAL,"{""Monday"": [""9am-7pm""], ""Tuesday"": [""9am-7pm""], ""Wednesday"": [""9am-7pm""], ""Thursday"": [""9am-7pm""], ""Friday"": [""9am-7pm""], ""Saturday"": [""9am-6pm""], ""Sunday"": [""10am-6pm""]}","Sunday,10am,6pm|Monday,9am,7pm|Tuesday,9am,7pm|Wednesday,9am,7pm|Thursday,9am,7pm|Friday,9am,7pm|Saturday,9am,6pm",,,,,,,https://forms.zohopublic.in/arivueducationalconsultants/form/ArivuProAcademyAdmissionForm1stJuly/formperma/wynwuReqURuZec60x3zmQ6UWhtJRKn3Hm1uR2xlNjaQ,,https://forms.zohopublic.in/arivueducationalconsultants/form/ArivuProAcademyAdmissionForm1stJuly/formperma/wynwuReqURuZec60x3zmQ6UWhtJRKn3Hm1uR2xlNjaQ,"{""Service options"": {""Online classes"": true, ""On-site services"": true}, ""Accessibility"": {""Wheelchair-accessible seating"": true}, ""Crowd"": {""LGBTQ+ friendly"": true}, ""Parking"": {""Free parking lot"": true, ""Free street parking"": true, ""On-site parking"": true}, ""Other"": {""LGBTQ+ friendly"": true}}",,,True,104218697170095176804,"ArivuPro Academy – CA, CS, ACCA, CMA",https://www.google.com/maps/contrib/104218697170095176804,"https://www.google.com/maps/place/ArivuPro+Academy+%E2%80%93+CA%2C+CS%2C+ACCA%2C+CMA+%28India+%26+USA%29%2C+CFA%2C+CPA+US%2C+FRM%2C+CIA%2C+EA+%26+B.Com+Coaching+Classes+in+Coimbatore/@11.0122728,76.9615831,14z/data=!4m8!1m2!2m1!1sArivuPro+Academy+%E2%80%93+CA%2C+CS%2C+ACCA%2C+CMA+%28India+%26+USA%29%2C+CFA%2C+CPA+US%2C+FRM%2C+CIA%2C+EA+%26+B.Com+Coaching+Classes+in+Coimbatore!3m4!1s0x3ba859551f784be5:0x9fc2533e8268a078!8m2!3d11.0122728!4d76.9615831","https://www.google.com/maps/place/ArivuPro+Academy+%E2%80%93+CA%2C+CS%2C+ACCA%2C+CMA+%28India+%26+USA%29%2C+CFA%2C+CPA+US%2C+FRM%2C+CIA%2C+EA+%26+B.Com+Coaching+Classes+in+Coimbatore/@11.0122728,76.9615831,13.99z/data=!4m16!1m7!3m6!1s0x3ba859551f784be5:0x9fc2533e8268a078!2sArivuPro+Academy+%E2%80%93+CA%2C+CS%2C+ACCA%2C+CMA+%28India+%26+USA%29%2C+CFA%2C+CPA+US%2C+FRM%2C+CIA%2C+EA+%26+B.Com+Coaching+Classes+in+Coimbatore!8m2!3d11.0122728!4d76.9615831!16s%2Fg%2F11ckvg1dmb!3m7!1s0x3ba859551f784be5:0x9fc2533e8268a078!8m2!3d11.0122728!4d76.9615831!9m1!1b1!16s%2Fg%2F11ckvg1dmb?entry=ttu",ChIJ5Ut4H1VZqDsReKBogj5Twp8,0x3ba859551f784be5:0x9fc2533e8268a078,1.15119E+19,/g/11wbcd7580,-6.93489E+18,50,10000000,2015,EDUCATION_MANAGEMENT,0,ArivuPro,India,Karnataka,Bengaluru,560034,
"CA, 641025, Coimbatore, Tamil Nadu, IN","S P A R C & Co., Saibaba Colony, Chartered Accountants (CA)",S P A R C And Co Saibaba Colony Chartered Accountants Ca,Certified public accountant,Certified public accountant,Certified public accountant,+91 87789 37239,https://www.casparc.co.in/,"16, Sriram Layout Road, NSR Rd, Saibaba Colony, Coimbatore, Tamil Nadu 641011","16, Sriram Layout Road, NSR Rd",Coimbatore,Saibaba Colony,Tamil Nadu,,641011,India,IN,,,,,,,,,,,,,,,,,,,,,,,,,,,,,11.0246875,76.9366239,89603386b07ffff,Asia/Calcutta,,False,4.8,15,https://search.google.com/local/reviews?placeid=ChIJI_hsumFZqDsR9JvINaLKs1U&q=*&authuser=0&hl=en&gl=IN,,"{""1"": 0, ""2"": 1, ""3"": 0, ""4"": 0, ""5"": 14}",0,1,0,0,14,2,https://streetviewpixels-pa.googleapis.com/v1/thumbnail?panoid=aEmjP6xWeGZ7kHwOhJZzXA&cb_client=search.gws-prod.gps&w=800&h=500&yaw=283.27548&pitch=0&thumbfov=100,https://lh3.googleusercontent.com/gps-cs-s/AHRPTWlg7LZeWB340k3Q39q0FYutJgbcO9mTNlNjEjPfrCX0cvAv0qVRWcpAbcMv5oySPJ_vyoZdzSjXMbfSH36iMDelKAe4LtU7U165anTz-n5c202KZTlrD8x3IYLPkKJkgmAU1aA=w1600-h1000-k-no,https://lh3.googleusercontent.com/-utZfmWqbwsk/AAAAAAAAAAI/AAAAAAAAAAA/QmHE36cflAc/s44-p-k-no-ns-nd/photo.jpg,,,OPERATIONAL,"{""Monday"": [""9am-6pm""], ""Tuesday"": [""9am-6pm""], ""Wednesday"": [""9am-6pm""], ""Thursday"": [""9am-6pm""], ""Friday"": [""9am-6pm""], ""Saturday"": [""9am-6pm""], ""Sunday"": [""Closed""]}","Monday,9am,6pm|Tuesday,9am,6pm|Wednesday,9am,6pm|Thursday,9am,6pm|Friday,9am,6pm|Saturday,9am,6pm",,,,,,,,,,"{""Service options"": {""Online appointments"": true, ""On-site services"": true}, ""Planning"": {""Appointments recommended"": true}, ""Payments"": {""Google Pay"": true}}",,,True,102453827004092119025,"S P A R C & Co., Saibaba Colony, Chartered Accountants",https://www.google.com/maps/contrib/102453827004092119025,"https://www.google.com/maps/place/S+P+A+R+C+%26+Co.%2C+Saibaba+Colony%2C+Chartered+Accountants+%28CA%29/@11.024687499999999,76.9366239,14z/data=!4m8!1m2!2m1!1sS+P+A+R+C+%26+Co.%2C+Saibaba+Colony%2C+Chartered+Accountants+%28CA%29!3m4!1s0x3ba85961ba6cf823:0x55b3caa235c89bf4!8m2!3d11.024687499999999!4d76.9366239","https://www.google.com/maps/place/S+P+A+R+C+%26+Co.%2C+Saibaba+Colony%2C+Chartered+Accountants+%28CA%29/@11.024687499999999,76.9366239,13.99z/data=!4m16!1m7!3m6!1s0x3ba85961ba6cf823:0x55b3caa235c89bf4!2sS+P+A+R+C+%26+Co.%2C+Saibaba+Colony%2C+Chartered+Accountants+%28CA%29!8m2!3d11.024687499999999!4d76.9366239!16s%2Fg%2F11ckvg1dmb!3m7!1s0x3ba85961ba6cf823:0x55b3caa235c89bf4!8m2!3d11.024687499999999!4d76.9366239!9m1!1b1!16s%2Fg%2F11ckvg1dmb?entry=ttu",ChIJI_hsumFZqDsR9JvINaLKs1U,0x3ba85961ba6cf823:0x55b3caa235c89bf4,6.1755E+18,/g/11r7xnrggb,6.1755E+18,,,,,,,,,,,
"CA, 641025, Coimbatore, Tamil Nadu, IN",Chezhiyan Academy,Chezhiyan Academy,Coaching Center,Coaching center,Coaching Center,+91 95000 61633,,"No.64, 2nd St, Ganesh Nagar, Gounder Mills, Coimbatore, Tamil Nadu 641029","No.64, 2nd St","Gounder Mills, Coimbatore",Ganesh Nagar,Tamil Nadu,,641029,India,IN,,,,,,,,,,,,,,,,,,,,,,,,,,,,,11.0573469,76.9435458,89603384c7bffff,Asia/Calcutta,,False,4.7,187,https://search.google.com/local/reviews?placeid=ChIJP7c2G6FYqDsR1tkz9tFdr4A&q=*&authuser=0&hl=en&gl=IN,,"{""1"": 13, ""2"": 1, ""3"": 2, ""4"": 6, ""5"": 165}",13,1,2,6,165,73,https://lh3.googleusercontent.com/gps-cs-s/AHRPTWkUOUQ-sTD1JEd7aDU5dgYGik6H24trZYrArcEPZynPeNIKs9KLdg0egLTtTYdR1elHgtVCrqrBMqFwj1RR0mN6oHB_c_nASnsmD9a1BGBHCM0FhxSM627wDIU8IW7Jiodw6xkv=w800-h500-k-no,https://lh3.googleusercontent.com/gps-cs-s/AHRPTWkUOUQ-sTD1JEd7aDU5dgYGik6H24trZYrArcEPZynPeNIKs9KLdg0egLTtTYdR1elHgtVCrqrBMqFwj1RR0mN6oHB_c_nASnsmD9a1BGBHCM0FhxSM627wDIU8IW7Jiodw6xkv=w1600-h1000-k-no,https://lh3.googleusercontent.com/-JCkUCG75Mhg/AAAAAAAAAAI/AAAAAAAAAAA/xe83kC-ZoVo/s44-p-k-no-ns-nd/photo.jpg,,,OPERATIONAL,"{""Monday"": [""9am-5:30pm""], ""Tuesday"": [""9am-5:30pm""], ""Wednesday"": [""9am-5:30pm""], ""Thursday"": [""9am-5:30pm""], ""Friday"": [""9am-5:30pm""], ""Saturday"": [""9am-5:30pm""], ""Sunday"": [""Closed""]}","Monday,9am,5:30pm|Tuesday,9am,5:30pm|Wednesday,9am,5:30pm|Thursday,9am,5:30pm|Friday,9am,5:30pm|Saturday,9am,5:30pm",,,,,,,,,,"{""Service options"": {""Online classes"": true}, ""Accessibility"": {""Wheelchair-accessible entrance"": false}}",,,True,103039153007876753705,Chezhiyan Academy,https://www.google.com/maps/contrib/103039153007876753705,"https://www.google.com/maps/place/Chezhiyan+Academy/@11.057346899999999,76.9435458,14z/data=!4m8!1m2!2m1!1sChezhiyan+Academy!3m4!1s0x3ba858a11b36b73f:0x80af5dd1f633d9d6!8m2!3d11.057346899999999!4d76.9435458","https://www.google.com/maps/place/Chezhiyan+Academy/@11.057346899999999,76.9435458,13.99z/data=!4m16!1m7!3m6!1s0x3ba858a11b36b73f:0x80af5dd1f633d9d6!2sChezhiyan+Academy!8m2!3d11.057346899999999!4d76.9435458!16s%2Fg%2F11ckvg1dmb!3m7!1s0x3ba858a11b36b73f:0x80af5dd1f633d9d6!8m2!3d11.057346899999999!4d76.9435458!9m1!1b1!16s%2Fg%2F11ckvg1dmb?entry=ttu",ChIJP7c2G6FYqDsR1tkz9tFdr4A,0x3ba858a11b36b73f:0x80af5dd1f633d9d6,9.27273E+18,/g/11cn2jzkpb,-9.17401E+18,,,,,,,,,,,
"CA, 641025, Coimbatore, Tamil Nadu, IN",Karthikeyan & Jayaram Chartered Accountants,Karthikeyan And Jayaram Chartered Accountants,Certified public accountant,Certified public accountant,Certified public accountant,+91 422 438 5850,https://karthikeyanjayaram.com/,"GKM TOWERS, 142, Alagesan Rd, Ramalingam Colony, Saibaba Colony, Coimbatore, Tamil Nadu 641011","GKM TOWERS, 142, Alagesan Rd",Coimbatore,"Ramalingam Colony, Saibaba Colony",Tamil Nadu,,641011,India,IN,karthikeyanjayaram.com,,,,https://www.linkedin.com/company/karthikeyan-,,,,,,,,,tax.erode@gmail.com,RECEIVING,Verified,,,,,,,Contact US | Karthikeyan & Jayaram | Audit Firm,"Reach out and let's connect! Whether you've got questions, feedback, or ideas, we're eager to hear from you.",Hostinger Website Builder,0,0,https://karthikeyanjayaram.com/contact-us,11.0228357,76.9468044,89603386bc7ffff,Asia/Calcutta,,False,4.5,17,https://search.google.com/local/reviews?placeid=ChIJ_17p8udYqDsRcN8ol7xiQ8E&q=*&authuser=0&hl=en&gl=IN,,"{""1"": 2, ""2"": 0, ""3"": 0, ""4"": 0, ""5"": 15}",2,0,0,0,15,2,https://lh3.googleusercontent.com/gps-cs-s/AHRPTWm6APpzwAbR1yoBwcoYeVWvxWdDN3oUoXWkY0sWS32UywHUba3gbU-J-eqH36dQI25VjZkLO2-CPlJKQs1lG9aKy1nTUxeoAfocU95faGlGSdNzk6Wy4W24yIBAvij7sF-Eh1KS=w800-h500-k-no,https://lh3.googleusercontent.com/gps-cs-s/AHRPTWm6APpzwAbR1yoBwcoYeVWvxWdDN3oUoXWkY0sWS32UywHUba3gbU-J-eqH36dQI25VjZkLO2-CPlJKQs1lG9aKy1nTUxeoAfocU95faGlGSdNzk6Wy4W24yIBAvij7sF-Eh1KS=w1600-h1000-k-no,https://lh6.googleusercontent.com/-zRK1eXZwB_4/AAAAAAAAAAI/AAAAAAAAAAA/MsS8zKJk-7o/s44-p-k-no-ns-nd/photo.jpg,,,OPERATIONAL,"{""Monday"": [""9am-6pm""], ""Tuesday"": [""9am-6pm""], ""Wednesday"": [""9am-6pm""], ""Thursday"": [""9am-6pm""], ""Friday"": [""9am-6pm""], ""Saturday"": [""10am-6pm""], ""Sunday"": [""Closed""]}","Monday,9am,6pm|Tuesday,9am,6pm|Wednesday,9am,6pm|Thursday,9am,6pm|Friday,9am,6pm|Saturday,10am,6pm",,,,,,,https://wa.me/+919865210422,,https://wa.me/+919865210422,"{""Service options"": {""Online appointments"": true, ""On-site services"": true}, ""Accessibility"": {""Wheelchair-accessible seating"": true, ""Wheelchair-accessible toilet"": true, ""Wheelchair-accessible entrance"": false}, ""Amenities"": {""Gender-neutral toilets"": true}, ""Planning"": {""Appointment required"": true, ""Appointments recommended"": true}, ""Payments"": {""Google Pay"": true}}",,,True,112026228901911821954,Karthikeyan & Jayaram Chartered Accountants,https://www.google.com/maps/contrib/112026228901911821954,"https://www.google.com/maps/place/Karthikeyan+%26+Jayaram+Chartered+Accountants/@11.0228357,76.94680439999999,14z/data=!4m8!1m2!2m1!1sKarthikeyan+%26+Jayaram+Chartered+Accountants!3m4!1s0x3ba858e7f2e95eff:0xc14362bc9728df70!8m2!3d11.0228357!4d76.94680439999999","https://www.google.com/maps/place/Karthikeyan+%26+Jayaram+Chartered+Accountants/@11.0228357,76.94680439999999,13.99z/data=!4m16!1m7!3m6!1s0x3ba858e7f2e95eff:0xc14362bc9728df70!2sKarthikeyan+%26+Jayaram+Chartered+Accountants!8m2!3d11.0228357!4d76.94680439999999!16s%2Fg%2F11ckvg1dmb!3m7!1s0x3ba858e7f2e95eff:0xc14362bc9728df70!8m2!3d11.0228357!4d76.94680439999999!9m1!1b1!16s%2Fg%2F11ckvg1dmb?entry=ttu",ChIJ_17p8udYqDsRcN8ol7xiQ8E,0x3ba858e7f2e95eff:0xc14362bc9728df70,1.39261E+19,/g/11b76t4324,-4.52066E+18,,,,,,,,,,,
"CA, 641025, Coimbatore, Tamil Nadu, IN",Karthikeyan & Jayaram Chartered Accountants,Karthikeyan And Jayaram Chartered Accountants,Certified public accountant,Certified public accountant,Certified public accountant,+91 422 438 5850,https://karthikeyanjayaram.com/,"GKM TOWERS, 142, Alagesan Rd, Ramalingam Colony, Saibaba Colony, Coimbatore, Tamil Nadu 641011","GKM TOWERS, 142, Alagesan Rd",Coimbatore,"Ramalingam Colony, Saibaba Colony",Tamil Nadu,,641011,India,IN,karthikeyanjayaram.com,,,,https://www.linkedin.com/company/karthikeyan-,,,,,,,,,tax.coimbatore@gmail.com,RECEIVING,Verified,,,,,,,Contact US | Karthikeyan & Jayaram | Audit Firm,"Reach out and let's connect! Whether you've got questions, feedback, or ideas, we're eager to hear from you.",Hostinger Website Builder,0,0,https://karthikeyanjayaram.com/contact-us,11.0228357,76.9468044,89603386bc7ffff,Asia/Calcutta,,False,4.5,17,https://search.google.com/local/reviews?placeid=ChIJ_17p8udYqDsRcN8ol7xiQ8E&q=*&authuser=0&hl=en&gl=IN,,"{""1"": 2, ""2"": 0, ""3"": 0, ""4"": 0, ""5"": 15}",2,0,0,0,15,2,https://lh3.googleusercontent.com/gps-cs-s/AHRPTWm6APpzwAbR1yoBwcoYeVWvxWdDN3oUoXWkY0sWS32UywHUba3gbU-J-eqH36dQI25VjZkLO2-CPlJKQs1lG9aKy1nTUxeoAfocU95faGlGSdNzk6Wy4W24yIBAvij7sF-Eh1KS=w800-h500-k-no,https://lh3.googleusercontent.com/gps-cs-s/AHRPTWm6APpzwAbR1yoBwcoYeVWvxWdDN3oUoXWkY0sWS32UywHUba3gbU-J-eqH36dQI25VjZkLO2-CPlJKQs1lG9aKy1nTUxeoAfocU95faGlGSdNzk6Wy4W24yIBAvij7sF-Eh1KS=w1600-h1000-k-no,https://lh6.googleusercontent.com/-zRK1eXZwB_4/AAAAAAAAAAI/AAAAAAAAAAA/MsS8zKJk-7o/s44-p-k-no-ns-nd/photo.jpg,,,OPERATIONAL,"{""Monday"": [""9am-6pm""], ""Tuesday"": [""9am-6pm""], ""Wednesday"": [""9am-6pm""], ""Thursday"": [""9am-6pm""], ""Friday"": [""9am-6pm""], ""Saturday"": [""10am-6pm""], ""Sunday"": [""Closed""]}","Monday,9am,6pm|Tuesday,9am,6pm|Wednesday,9am,6pm|Thursday,9am,6pm|Friday,9am,6pm|Saturday,10am,6pm",,,,,,,https://wa.me/+919865210422,,https://wa.me/+919865210422,"{""Service options"": {""Online appointments"": true, ""On-site services"": true}, ""Accessibility"": {""Wheelchair-accessible seating"": true, ""Wheelchair-accessible toilet"": true, ""Wheelchair-accessible entrance"": false}, ""Amenities"": {""Gender-neutral toilets"": true}, ""Planning"": {""Appointment required"": true, ""Appointments recommended"": true}, ""Payments"": {""Google Pay"": true}}",,,True,112026228901911821954,Karthikeyan & Jayaram Chartered Accountants,https://www.google.com/maps/contrib/112026228901911821954,"https://www.google.com/maps/place/Karthikeyan+%26+Jayaram+Chartered+Accountants/@11.0228357,76.94680439999999,14z/data=!4m8!1m2!2m1!1sKarthikeyan+%26+Jayaram+Chartered+Accountants!3m4!1s0x3ba858e7f2e95eff:0xc14362bc9728df70!8m2!3d11.0228357!4d76.94680439999999","https://www.google.com/maps/place/Karthikeyan+%26+Jayaram+Chartered+Accountants/@11.0228357,76.94680439999999,13.99z/data=!4m16!1m7!3m6!1s0x3ba858e7f2e95eff:0xc14362bc9728df70!2sKarthikeyan+%26+Jayaram+Chartered+Accountants!8m2!3d11.0228357!4d76.94680439999999!16s%2Fg%2F11ckvg1dmb!3m7!1s0x3ba858e7f2e95eff:0xc14362bc9728df70!8m2!3d11.0228357!4d76.94680439999999!9m1!1b1!16s%2Fg%2F11ckvg1dmb?entry=ttu",ChIJ_17p8udYqDsRcN8ol7xiQ8E,0x3ba858e7f2e95eff:0xc14362bc9728df70,1.39261E+19,/g/11b76t4324,-4.52066E+18,,,,,,,,,,,
"CA, 641025, Coimbatore, Tamil Nadu, IN",VKS AIYER & CO,Vks Aiyer And,Certified public accountant,Certified public accountant,Certified public accountant,+91 422 244 0971,https://www.vksaiyer.com/,"380 VGR PURAM, OFF, Alagesan Rd, Saibaba Colony, Tamil Nadu 641011","380 VGR PURAM, OFF, Alagesan Rd",Coimbatore,"Nesavaalar Colony, Saibaba Colony",Tamil Nadu,,641011,India,IN,vksaiyer.com,,914222440971,"914222440971, 919842955711, 914222440973, 914222440972, 919842243007, 919843311123, 919443246922",,,,,,,,,,admin@vksaiyer.com,BLACKLISTED,Complainer,,,,,,,Home | VKS Aiyer & Co | Chartered Accountant firm | Coimbatore | Audit & Assurance | Taxation | Risk Advisory | Corporate Due Diligence | Valuation | Transaction advisory,"VKS Aiyer & Co., presently managed by 5 partners, is a 55 year old Chartered Accountant firm, based in Coimbatore since 1967, having extensive experience in Audit, Tax & Advisory Services of Listed and Unlisted entities.","Powered by Slider Revolution 6.6.8 - responsive, Mobile-Friendly Slider Plugin for WordPress with comfortable drag and drop interface.",1,0,https://www.vksaiyer.com/about-us/,11.0239725,76.9477263,89603386bc3ffff,Asia/Calcutta,,False,5,13,https://search.google.com/local/reviews?placeid=ChIJ4W5KJN1YqDsRghczzxT38mY&q=*&authuser=0&hl=en&gl=IN,,"{""1"": 0, ""2"": 0, ""3"": 0, ""4"": 0, ""5"": 13}",0,0,0,0,13,5,https://lh3.googleusercontent.com/gps-cs-s/AHRPTWmhSh7XK36EfFUvYAwcOitvRkKlQlFeSHy-yYOk3XEea21J01IimfhtztPalexNagUkod_r3xq7de5n0kKnZZdKdy2DKzCfcRubQcx7jcEG4HADbZrzu-sdmabk0lktVnFBpXcN=w800-h500-k-no,https://lh3.googleusercontent.com/gps-cs-s/AHRPTWmhSh7XK36EfFUvYAwcOitvRkKlQlFeSHy-yYOk3XEea21J01IimfhtztPalexNagUkod_r3xq7de5n0kKnZZdKdy2DKzCfcRubQcx7jcEG4HADbZrzu-sdmabk0lktVnFBpXcN=w1600-h1000-k-no,,,,OPERATIONAL,"{""Monday"": [""9:30am-5:30pm""], ""Tuesday"": [""9:30am-5:30pm""], ""Wednesday"": [""9:30am-5:30pm""], ""Thursday"": [""9:30am-5:30pm""], ""Friday"": [""9:30am-5:30pm""], ""Saturday"": [""9:30am-5:30pm""], ""Sunday"": [""Closed""]}","Monday,9:30am,5:30pm|Tuesday,9:30am,5:30pm|Wednesday,9:30am,5:30pm|Thursday,9:30am,5:30pm|Friday,9:30am,5:30pm|Saturday,9:30am,5:30pm",,,,,,,,,,"{""Planning"": {""Appointments recommended"": true}}",,,False,,VKS AIYER & CO,,"https://www.google.com/maps/place/VKS+AIYER+%26+CO/@11.0239725,76.9477263,14z/data=!4m8!1m2!2m1!1sVKS+AIYER+%26+CO!3m4!1s0x3ba858dd244a6ee1:0x66f2f714cf331782!8m2!3d11.0239725!4d76.9477263","https://www.google.com/maps/place/VKS+AIYER+%26+CO/@11.0239725,76.9477263,13.99z/data=!4m16!1m7!3m6!1s0x3ba858dd244a6ee1:0x66f2f714cf331782!2sVKS+AIYER+%26+CO!8m2!3d11.0239725!4d76.9477263!16s%2Fg%2F11ckvg1dmb!3m7!1s0x3ba858dd244a6ee1:0x66f2f714cf331782!8m2!3d11.0239725!4d76.9477263!9m1!1b1!16s%2Fg%2F11ckvg1dmb?entry=ttu",ChIJ4W5KJN1YqDsRghczzxT38mY,0x3ba858dd244a6ee1:0x66f2f714cf331782,7.41826E+18,/g/11c48s2slh,7.41826E+18,,,,,,vksaiyer.com,,,,,
"CA, 641025, Coimbatore, Tamil Nadu, IN",VKS AIYER & CO,Vks Aiyer And,Certified public accountant,Certified public accountant,Certified public accountant,+91 422 244 0971,https://www.vksaiyer.com/,"380 VGR PURAM, OFF, Alagesan Rd, Saibaba Colony, Tamil Nadu 641011","380 VGR PURAM, OFF, Alagesan Rd",Coimbatore,"Nesavaalar Colony, Saibaba Colony",Tamil Nadu,,641011,India,IN,vksaiyer.com,,914222440971,"914222440971, 919842955711, 914222440973, 914222440972, 919842243007, 919843311123, 919443246922",,,,,,,,,,vss@vksaiyer.com,BLACKLISTED,Complainer,,,,,,,Home | VKS Aiyer & Co | Chartered Accountant firm | Coimbatore | Audit & Assurance | Taxation | Risk Advisory | Corporate Due Diligence | Valuation | Transaction advisory,"VKS Aiyer & Co., presently managed by 5 partners, is a 55 year old Chartered Accountant firm, based in Coimbatore since 1967, having extensive experience in Audit, Tax & Advisory Services of Listed and Unlisted entities.","Powered by Slider Revolution 6.6.8 - responsive, Mobile-Friendly Slider Plugin for WordPress with comfortable drag and drop interface.",1,0,https://www.vksaiyer.com/our-team/,11.0239725,76.9477263,89603386bc3ffff,Asia/Calcutta,,False,5,13,https://search.google.com/local/reviews?placeid=ChIJ4W5KJN1YqDsRghczzxT38mY&q=*&authuser=0&hl=en&gl=IN,,"{""1"": 0, ""2"": 0, ""3"": 0, ""4"": 0, ""5"": 13}",0,0,0,0,13,5,https://lh3.googleusercontent.com/gps-cs-s/AHRPTWmhSh7XK36EfFUvYAwcOitvRkKlQlFeSHy-yYOk3XEea21J01IimfhtztPalexNagUkod_r3xq7de5n0kKnZZdKdy2DKzCfcRubQcx7jcEG4HADbZrzu-sdmabk0lktVnFBpXcN=w800-h500-k-no,https://lh3.googleusercontent.com/gps-cs-s/AHRPTWmhSh7XK36EfFUvYAwcOitvRkKlQlFeSHy-yYOk3XEea21J01IimfhtztPalexNagUkod_r3xq7de5n0kKnZZdKdy2DKzCfcRubQcx7jcEG4HADbZrzu-sdmabk0lktVnFBpXcN=w1600-h1000-k-no,,,,OPERATIONAL,"{""Monday"": [""9:30am-5:30pm""], ""Tuesday"": [""9:30am-5:30pm""], ""Wednesday"": [""9:30am-5:30pm""], ""Thursday"": [""9:30am-5:30pm""], ""Friday"": [""9:30am-5:30pm""], ""Saturday"": [""9:30am-5:30pm""], ""Sunday"": [""Closed""]}","Monday,9:30am,5:30pm|Tuesday,9:30am,5:30pm|Wednesday,9:30am,5:30pm|Thursday,9:30am,5:30pm|Friday,9:30am,5:30pm|Saturday,9:30am,5:30pm",,,,,,,,,,"{""Planning"": {""Appointments recommended"": true}}",,,False,,VKS AIYER & CO,,"https://www.google.com/maps/place/VKS+AIYER+%26+CO/@11.0239725,76.9477263,14z/data=!4m8!1m2!2m1!1sVKS+AIYER+%26+CO!3m4!1s0x3ba858dd244a6ee1:0x66f2f714cf331782!8m2!3d11.0239725!4d76.9477263","https://www.google.com/maps/place/VKS+AIYER+%26+CO/@11.0239725,76.9477263,13.99z/data=!4m16!1m7!3m6!1s0x3ba858dd244a6ee1:0x66f2f714cf331782!2sVKS+AIYER+%26+CO!8m2!3d11.0239725!4d76.9477263!16s%2Fg%2F11ckvg1dmb!3m7!1s0x3ba858dd244a6ee1:0x66f2f714cf331782!8m2!3d11.0239725!4d76.9477263!9m1!1b1!16s%2Fg%2F11ckvg1dmb?entry=ttu",ChIJ4W5KJN1YqDsRghczzxT38mY,0x3ba858dd244a6ee1:0x66f2f714cf331782,7.41826E+18,/g/11c48s2slh,7.41826E+18,,,,,,vksaiyer.com,,,,,
"CA, 641025, Coimbatore, Tamil Nadu, IN",VKS AIYER & CO,Vks Aiyer And,Certified public accountant,Certified public accountant,Certified public accountant,+91 422 244 0971,https://www.vksaiyer.com/,"380 VGR PURAM, OFF, Alagesan Rd, Saibaba Colony, Tamil Nadu 641011","380 VGR PURAM, OFF, Alagesan Rd",Coimbatore,"Nesavaalar Colony, Saibaba Colony",Tamil Nadu,,641011,India,IN,vksaiyer.com,,914222440971,"914222440971, 919842955711, 914222440973, 914222440972, 919842243007, 919843311123, 919443246922",,,,,,,,,,leena@vksaiyer.com,BLACKLISTED,Complainer,,,,,,,Home | VKS Aiyer & Co | Chartered Accountant firm | Coimbatore | Audit & Assurance | Taxation | Risk Advisory | Corporate Due Diligence | Valuation | Transaction advisory,"VKS Aiyer & Co., presently managed by 5 partners, is a 55 year old Chartered Accountant firm, based in Coimbatore since 1967, having extensive experience in Audit, Tax & Advisory Services of Listed and Unlisted entities.","Powered by Slider Revolution 6.6.8 - responsive, Mobile-Friendly Slider Plugin for WordPress with comfortable drag and drop interface.",1,0,https://www.vksaiyer.com/our-team/,11.0239725,76.9477263,89603386bc3ffff,Asia/Calcutta,,False,5,13,https://search.google.com/local/reviews?placeid=ChIJ4W5KJN1YqDsRghczzxT38mY&q=*&authuser=0&hl=en&gl=IN,,"{""1"": 0, ""2"": 0, ""3"": 0, ""4"": 0, ""5"": 13}",0,0,0,0,13,5,https://lh3.googleusercontent.com/gps-cs-s/AHRPTWmhSh7XK36EfFUvYAwcOitvRkKlQlFeSHy-yYOk3XEea21J01IimfhtztPalexNagUkod_r3xq7de5n0kKnZZdKdy2DKzCfcRubQcx7jcEG4HADbZrzu-sdmabk0lktVnFBpXcN=w800-h500-k-no,https://lh3.googleusercontent.com/gps-cs-s/AHRPTWmhSh7XK36EfFUvYAwcOitvRkKlQlFeSHy-yYOk3XEea21J01IimfhtztPalexNagUkod_r3xq7de5n0kKnZZdKdy2DKzCfcRubQcx7jcEG4HADbZrzu-sdmabk0lktVnFBpXcN=w1600-h1000-k-no,,,,OPERATIONAL,"{""Monday"": [""9:30am-5:30pm""], ""Tuesday"": [""9:30am-5:30pm""], ""Wednesday"": [""9:30am-5:30pm""], ""Thursday"": [""9:30am-5:30pm""], ""Friday"": [""9:30am-5:30pm""], ""Saturday"": [""9:30am-5:30pm""], ""Sunday"": [""Closed""]}","Monday,9:30am,5:30pm|Tuesday,9:30am,5:30pm|Wednesday,9:30am,5:30pm|Thursday,9:30am,5:30pm|Friday,9:30am,5:30pm|Saturday,9:30am,5:30pm",,,,,,,,,,"{""Planning"": {""Appointments recommended"": true}}",,,False,,VKS AIYER & CO,,"https://www.google.com/maps/place/VKS+AIYER+%26+CO/@11.0239725,76.9477263,14z/data=!4m8!1m2!2m1!1sVKS+AIYER+%26+CO!3m4!1s0x3ba858dd244a6ee1:0x66f2f714cf331782!8m2!3d11.0239725!4d76.9477263","https://www.google.com/maps/place/VKS+AIYER+%26+CO/@11.0239725,76.9477263,13.99z/data=!4m16!1m7!3m6!1s0x3ba858dd244a6ee1:0x66f2f714cf331782!2sVKS+AIYER+%26+CO!8m2!3d11.0239725!4d76.9477263!16s%2Fg%2F11ckvg1dmb!3m7!1s0x3ba858dd244a6ee1:0x66f2f714cf331782!8m2!3d11.0239725!4d76.9477263!9m1!1b1!16s%2Fg%2F11ckvg1dmb?entry=ttu",ChIJ4W5KJN1YqDsRghczzxT38mY,0x3ba858dd244a6ee1:0x66f2f714cf331782,7.41826E+18,/g/11c48s2slh,7.41826E+18,,,,,,vksaiyer.com,,,,,
"CA, 641025, Coimbatore, Tamil Nadu, IN",The Institute Of Chartered Accountants Of India,The Institute Of Chartered Accountants Of India,Accounting school,Accounting school,Accounting school,,,"No 8, Diwan Bahadur Rd, R.S. Puram, Coimbatore, Tamil Nadu 641002","No 8, Diwan Bahadur Rd",Coimbatore,R.S. Puram,Tamil Nadu,,641002,India,IN,,,,,,,,,,,,,,,,,,,,,,,,,,,,,11.0148074,76.9499615,89603386867ffff,Asia/Calcutta,,False,3.5,4,https://search.google.com/local/reviews?placeid=ChIJjYeddh1ZqDsRHCxmKkR71F8&q=*&authuser=0&hl=en&gl=IN,,"{""1"": 1, ""2"": 0, ""3"": 1, ""4"": 0, ""5"": 2}",1,0,1,0,2,1,https://streetviewpixels-pa.googleapis.com/v1/thumbnail?panoid=7ZcKSv2YOZvkZn-mBIlImQ&cb_client=search.gws-prod.gps&w=800&h=500&yaw=86.995155&pitch=0&thumbfov=100,https://streetviewpixels-pa.googleapis.com/v1/thumbnail?panoid=7ZcKSv2YOZvkZn-mBIlImQ&cb_client=search.gws-prod.gps&w=1600&h=1000&yaw=86.995155&pitch=0&thumbfov=100,,,,OPERATIONAL,,,,,,,,,,,,,,,False,,The Institute Of Chartered Accountants Of India,,"https://www.google.com/maps/place/The+Institute+Of+Chartered+Accountants+Of+India/@11.014807399999999,76.9499615,14z/data=!4m8!1m2!2m1!1sThe+Institute+Of+Chartered+Accountants+Of+India!3m4!1s0x3ba8591d769d878d:0x5fd47b442a662c1c!8m2!3d11.014807399999999!4d76.9499615","https://www.google.com/maps/place/The+Institute+Of+Chartered+Accountants+Of+India/@11.014807399999999,76.9499615,13.99z/data=!4m16!1m7!3m6!1s0x3ba8591d769d878d:0x5fd47b442a662c1c!2sThe+Institute+Of+Chartered+Accountants+Of+India!8m2!3d11.014807399999999!4d76.9499615!16s%2Fg%2F11ckvg1dmb!3m7!1s0x3ba8591d769d878d:0x5fd47b442a662c1c!8m2!3d11.014807399999999!4d76.9499615!9m1!1b1!16s%2Fg%2F11ckvg1dmb?entry=ttu",ChIJjYeddh1ZqDsRHCxmKkR71F8,0x3ba8591d769d878d:0x5fd47b442a662c1c,6.90528E+18,/g/11h42px_j3,6.90528E+18,,,,,,,,,,,
"CA, 641025, Coimbatore, Tamil Nadu, IN","K.Kumaraswamy&co, Chartered Accountant",K Kumaraswamy And Co Chartered Accountant,Chartered accountant,Chartered accountant,Chartered accountant,,,"second cross, 31, Bharathi Park Rd, Coimbatore, Tamil Nadu 641043","second cross, 31, Bharathi Park Rd",Coimbatore,,Tamil Nadu,,641043,India,IN,,,,,,,,,,,,,,,,,,,,,,,,,,,,,11.0203126,76.944694,89603386b8bffff,Asia/Calcutta,,False,4.7,3,https://search.google.com/local/reviews?placeid=ChIJp9IwKx5ZqDsRD9VJTIApnyU&q=*&authuser=0&hl=en&gl=IN,,"{""1"": 0, ""2"": 0, ""3"": 0, ""4"": 1, ""5"": 2}",0,0,0,1,2,2,https://streetviewpixels-pa.googleapis.com/v1/thumbnail?panoid=ZIHE3VF0Dit7Sp3I2qjdfQ&cb_client=search.gws-prod.gps&w=800&h=500&yaw=90.637054&pitch=0&thumbfov=100,https://lh3.googleusercontent.com/gps-cs-s/AHRPTWkmRkn_Hr6fmYSwLtQCxt7BoMfpTTP50O8nHw5I_IFubzG3RoaIegOY8j_lcdX4Cwt26ubELsXIoqRCiobqZRkXJx-Z8RqCNsaWVlzIuXsjlDyH_BgsJIOSMScislVuY01X7b3G=w1600-h1000-k-no,,,,OPERATIONAL,"{""Monday"": [""9:30am-6pm""], ""Tuesday"": [""9:30am-6pm""], ""Wednesday"": [""9:30am-6pm""], ""Thursday"": [""9:30am-6pm""], ""Friday"": [""9:30am-6pm""], ""Saturday"": [""9:30am-6pm""], ""Sunday"": [""Closed""]}","Monday,9:30am,6pm|Tuesday,9:30am,6pm|Wednesday,9:30am,6pm|Thursday,9:30am,6pm|Friday,9:30am,6pm|Saturday,9:30am,6pm",,,,,,,,,,,,,False,,"K.Kumaraswamy&co, Chartered Accountant",,"https://www.google.com/maps/place/K.Kumaraswamy%26co%2C+Chartered+Accountant/@11.020312599999999,76.944694,14z/data=!4m8!1m2!2m1!1sK.Kumaraswamy%26co%2C+Chartered+Accountant!3m4!1s0x3ba8591e2b30d2a7:0x259f29804c49d50f!8m2!3d11.020312599999999!4d76.944694","https://www.google.com/maps/place/K.Kumaraswamy%26co%2C+Chartered+Accountant/@11.020312599999999,76.944694,13.99z/data=!4m16!1m7!3m6!1s0x3ba8591e2b30d2a7:0x259f29804c49d50f!2sK.Kumaraswamy%26co%2C+Chartered+Accountant!8m2!3d11.020312599999999!4d76.944694!16s%2Fg%2F11ckvg1dmb!3m7!1s0x3ba8591e2b30d2a7:0x259f29804c49d50f!8m2!3d11.020312599999999!4d76.944694!9m1!1b1!16s%2Fg%2F11ckvg1dmb?entry=ttu",ChIJp9IwKx5ZqDsRD9VJTIApnyU,0x3ba8591e2b30d2a7:0x259f29804c49d50f,2.71093E+18,/g/11hbw2j6fd,2.71093E+18,,,,,,,,,,,
"CA, 641025, Coimbatore, Tamil Nadu, IN",CA R Maheswaran,Ca R Maheswaran,Apartment building,Apartment building,Apartment building,,,"53-1, 4th St, Gokulam Colony, P N Pudur, Coimbatore, Tamil Nadu 641041","53-1, 4th St","P N Pudur, Coimbatore",Gokulam Colony,Tamil Nadu,,641041,India,IN,,,,,,,,,,,,,,,,,,,,,,,,,,,,,11.0207199,76.9237429,896033b3657ffff,Asia/Calcutta,,False,,,,,,,,,,,1,https://streetviewpixels-pa.googleapis.com/v1/thumbnail?panoid=pV6ukYBTunNZuhpNKDu24w&cb_client=search.gws-prod.gps&w=800&h=500&yaw=98.42415&pitch=0&thumbfov=100,https://streetviewpixels-pa.googleapis.com/v1/thumbnail?panoid=pV6ukYBTunNZuhpNKDu24w&cb_client=search.gws-prod.gps&w=1600&h=1000&yaw=98.42415&pitch=0&thumbfov=100,,,,OPERATIONAL,,,,,,,,,,,,,,,False,,CA R Maheswaran,,"https://www.google.com/maps/place/CA+R+Maheswaran/@11.0207199,76.9237429,14z/data=!4m8!1m2!2m1!1sCA+R+Maheswaran!3m4!1s0x3ba8590031aa6e4b:0x57f54eddca0e7578!8m2!3d11.0207199!4d76.9237429","https://www.google.com/maps/place/CA+R+Maheswaran/@11.0207199,76.9237429,13.99z/data=!4m16!1m7!3m6!1s0x3ba8590031aa6e4b:0x57f54eddca0e7578!2sCA+R+Maheswaran!8m2!3d11.0207199!4d76.9237429!16s%2Fg%2F11ckvg1dmb!3m7!1s0x3ba8590031aa6e4b:0x57f54eddca0e7578!8m2!3d11.0207199!4d76.9237429!9m1!1b1!16s%2Fg%2F11ckvg1dmb?entry=ttu",ChIJS26qMQBZqDsReHUOyt1O9Vc,0x3ba8590031aa6e4b:0x57f54eddca0e7578,6.33806E+18,/g/11y12yc57_,,,,,,,,,,,,
"CA, 641025, Coimbatore, Tamil Nadu, IN",vasanthan naresh and associates,Vasanthan Naresh And Associates,Chartered accountant,Chartered accountant,Chartered accountant,+91 99943 71112,https://vnaca.in/,"3, Periya Subbanna St, Nesavaalar Colony, Kuppakonam Pudur, Coimbatore, Tamil Nadu 641038","3, Periya Subbanna St",Coimbatore,"Nesavaalar Colony, Kuppakonam Pudur",Tamil Nadu,,641038,India,IN,vnaca.in,,919894080108,"919894080108, 919994371112, 9104224502440",,,,,,,,,,naresh@vnaca.in,RECEIVING,Verified,,,,,,,M/s. Vasanthan Naresh & Associates - Chartered Accountants,,,1,0,https://vnaca.in/index.php,11.0274532,76.9474568,89603386bcfffff,Asia/Calcutta,,False,4.5,2,https://search.google.com/local/reviews?placeid=ChIJJxDi0O5YqDsRWNTAR1WMhk8&q=*&authuser=0&hl=en&gl=IN,,"{""1"": 0, ""2"": 0, ""3"": 0, ""4"": 1, ""5"": 1}",0,0,0,1,1,4,https://lh3.googleusercontent.com/gps-cs-s/AHRPTWl0WUxbQInCwDTgrjBCINSj0qeX3EJGSwgHTXhYTPTQd1CBhSwRi7pJFbtKThXia1io2aQE0hMA4tbblT5CHJC-9R3zHrWIq389lf6V8bAW1jyDD5IZ3oCO0UZBlt9rlIF9v8T1=w800-h500-k-no,https://lh3.googleusercontent.com/gps-cs-s/AHRPTWl0WUxbQInCwDTgrjBCINSj0qeX3EJGSwgHTXhYTPTQd1CBhSwRi7pJFbtKThXia1io2aQE0hMA4tbblT5CHJC-9R3zHrWIq389lf6V8bAW1jyDD5IZ3oCO0UZBlt9rlIF9v8T1=w1600-h1000-k-no,,,,OPERATIONAL,"{""Monday"": [""10am-6pm""], ""Tuesday"": [""10am-6pm""], ""Wednesday"": [""10am-6pm""], ""Thursday"": [""10am-6pm""], ""Friday"": [""10am-6pm""], ""Saturday"": [""10am-6pm""], ""Sunday"": [""Closed""]}","Monday,10am,6pm|Tuesday,10am,6pm|Wednesday,10am,6pm|Thursday,10am,6pm|Friday,10am,6pm|Saturday,10am,6pm",,,,,,,,,,"{""Accessibility"": {""Wheelchair-accessible entrance"": false}, ""Planning"": {""Appointments recommended"": true}}",,,False,,vasanthan naresh and associates,,"https://www.google.com/maps/place/vasanthan+naresh+and+associates/@11.0274532,76.9474568,14z/data=!4m8!1m2!2m1!1svasanthan+naresh+and+associates!3m4!1s0x3ba858eed0e21027:0x4f868c5547c0d458!8m2!3d11.0274532!4d76.9474568","https://www.google.com/maps/place/vasanthan+naresh+and+associates/@11.0274532,76.9474568,13.99z/data=!4m16!1m7!3m6!1s0x3ba858eed0e21027:0x4f868c5547c0d458!2svasanthan+naresh+and+associates!8m2!3d11.0274532!4d76.9474568!16s%2Fg%2F11ckvg1dmb!3m7!1s0x3ba858eed0e21027:0x4f868c5547c0d458!8m2!3d11.0274532!4d76.9474568!9m1!1b1!16s%2Fg%2F11ckvg1dmb?entry=ttu",ChIJJxDi0O5YqDsRWNTAR1WMhk8,0x3ba858eed0e21027:0x4f868c5547c0d458,5.73042E+18,/g/11ddwyqmb4,5.73042E+18,,,,,,,,,,,
"CA, 641025, Coimbatore, Tamil Nadu, IN",vasanthan naresh and associates,Vasanthan Naresh And Associates,Chartered accountant,Chartered accountant,Chartered accountant,+91 99943 71112,https://vnaca.in/,"3, Periya Subbanna St, Nesavaalar Colony, Kuppakonam Pudur, Coimbatore, Tamil Nadu 641038","3, Periya Subbanna St",Coimbatore,"Nesavaalar Colony, Kuppakonam Pudur",Tamil Nadu,,641038,India,IN,vnaca.in,,919894080108,"919894080108, 919994371112, 9104224502440",,,,,,,,,,admin@vnaca.in,RECEIVING,Role,,,,,,,M/s. Vasanthan Naresh & Associates - Chartered Accountants,,,1,0,https://vnaca.in/index.php,11.0274532,76.9474568,89603386bcfffff,Asia/Calcutta,,False,4.5,2,https://search.google.com/local/reviews?placeid=ChIJJxDi0O5YqDsRWNTAR1WMhk8&q=*&authuser=0&hl=en&gl=IN,,"{""1"": 0, ""2"": 0, ""3"": 0, ""4"": 1, ""5"": 1}",0,0,0,1,1,4,https://lh3.googleusercontent.com/gps-cs-s/AHRPTWl0WUxbQInCwDTgrjBCINSj0qeX3EJGSwgHTXhYTPTQd1CBhSwRi7pJFbtKThXia1io2aQE0hMA4tbblT5CHJC-9R3zHrWIq389lf6V8bAW1jyDD5IZ3oCO0UZBlt9rlIF9v8T1=w800-h500-k-no,https://lh3.googleusercontent.com/gps-cs-s/AHRPTWl0WUxbQInCwDTgrjBCINSj0qeX3EJGSwgHTXhYTPTQd1CBhSwRi7pJFbtKThXia1io2aQE0hMA4tbblT5CHJC-9R3zHrWIq389lf6V8bAW1jyDD5IZ3oCO0UZBlt9rlIF9v8T1=w1600-h1000-k-no,,,,OPERATIONAL,"{""Monday"": [""10am-6pm""], ""Tuesday"": [""10am-6pm""], ""Wednesday"": [""10am-6pm""], ""Thursday"": [""10am-6pm""], ""Friday"": [""10am-6pm""], ""Saturday"": [""10am-6pm""], ""Sunday"": [""Closed""]}","Monday,10am,6pm|Tuesday,10am,6pm|Wednesday,10am,6pm|Thursday,10am,6pm|Friday,10am,6pm|Saturday,10am,6pm",,,,,,,,,,"{""Accessibility"": {""Wheelchair-accessible entrance"": false}, ""Planning"": {""Appointments recommended"": true}}",,,False,,vasanthan naresh and associates,,"https://www.google.com/maps/place/vasanthan+naresh+and+associates/@11.0274532,76.9474568,14z/data=!4m8!1m2!2m1!1svasanthan+naresh+and+associates!3m4!1s0x3ba858eed0e21027:0x4f868c5547c0d458!8m2!3d11.0274532!4d76.9474568","https://www.google.com/maps/place/vasanthan+naresh+and+associates/@11.0274532,76.9474568,13.99z/data=!4m16!1m7!3m6!1s0x3ba858eed0e21027:0x4f868c5547c0d458!2svasanthan+naresh+and+associates!8m2!3d11.0274532!4d76.9474568!16s%2Fg%2F11ckvg1dmb!3m7!1s0x3ba858eed0e21027:0x4f868c5547c0d458!8m2!3d11.0274532!4d76.9474568!9m1!1b1!16s%2Fg%2F11ckvg1dmb?entry=ttu",ChIJJxDi0O5YqDsRWNTAR1WMhk8,0x3ba858eed0e21027:0x4f868c5547c0d458,5.73042E+18,/g/11ddwyqmb4,5.73042E+18,,,,,,,,,,,
"CA, 641025, Coimbatore, Tamil Nadu, IN",vasanthan naresh and associates,Vasanthan Naresh And Associates,Chartered accountant,Chartered accountant,Chartered accountant,+91 99943 71112,https://vnaca.in/,"3, Periya Subbanna St, Nesavaalar Colony, Kuppakonam Pudur, Coimbatore, Tamil Nadu 641038","3, Periya Subbanna St",Coimbatore,"Nesavaalar Colony, Kuppakonam Pudur",Tamil Nadu,,641038,India,IN,vnaca.in,,919894080108,"919894080108, 919994371112, 9104224502440",,,,,,,,,,vnassociates@ymail.com,UNKNOWN,Cannot validate,,,,,,,M/s. Vasanthan Naresh & Associates - Chartered Accountants,,,1,0,https://vnaca.in/index.php,11.0274532,76.9474568,89603386bcfffff,Asia/Calcutta,,False,4.5,2,https://search.google.com/local/reviews?placeid=ChIJJxDi0O5YqDsRWNTAR1WMhk8&q=*&authuser=0&hl=en&gl=IN,,"{""1"": 0, ""2"": 0, ""3"": 0, ""4"": 1, ""5"": 1}",0,0,0,1,1,4,https://lh3.googleusercontent.com/gps-cs-s/AHRPTWl0WUxbQInCwDTgrjBCINSj0qeX3EJGSwgHTXhYTPTQd1CBhSwRi7pJFbtKThXia1io2aQE0hMA4tbblT5CHJC-9R3zHrWIq389lf6V8bAW1jyDD5IZ3oCO0UZBlt9rlIF9v8T1=w800-h500-k-no,https://lh3.googleusercontent.com/gps-cs-s/AHRPTWl0WUxbQInCwDTgrjBCINSj0qeX3EJGSwgHTXhYTPTQd1CBhSwRi7pJFbtKThXia1io2aQE0hMA4tbblT5CHJC-9R3zHrWIq389lf6V8bAW1jyDD5IZ3oCO0UZBlt9rlIF9v8T1=w1600-h1000-k-no,,,,OPERATIONAL,"{""Monday"": [""10am-6pm""], ""Tuesday"": [""10am-6pm""], ""Wednesday"": [""10am-6pm""], ""Thursday"": [""10am-6pm""], ""Friday"": [""10am-6pm""], ""Saturday"": [""10am-6pm""], ""Sunday"": [""Closed""]}","Monday,10am,6pm|Tuesday,10am,6pm|Wednesday,10am,6pm|Thursday,10am,6pm|Friday,10am,6pm|Saturday,10am,6pm",,,,,,,,,,"{""Accessibility"": {""Wheelchair-accessible entrance"": false}, ""Planning"": {""Appointments recommended"": true}}",,,False,,vasanthan naresh and associates,,"https://www.google.com/maps/place/vasanthan+naresh+and+associates/@11.0274532,76.9474568,14z/data=!4m8!1m2!2m1!1svasanthan+naresh+and+associates!3m4!1s0x3ba858eed0e21027:0x4f868c5547c0d458!8m2!3d11.0274532!4d76.9474568","https://www.google.com/maps/place/vasanthan+naresh+and+associates/@11.0274532,76.9474568,13.99z/data=!4m16!1m7!3m6!1s0x3ba858eed0e21027:0x4f868c5547c0d458!2svasanthan+naresh+and+associates!8m2!3d11.0274532!4d76.9474568!16s%2Fg%2F11ckvg1dmb!3m7!1s0x3ba858eed0e21027:0x4f868c5547c0d458!8m2!3d11.0274532!4d76.9474568!9m1!1b1!16s%2Fg%2F11ckvg1dmb?entry=ttu",ChIJJxDi0O5YqDsRWNTAR1WMhk8,0x3ba858eed0e21027:0x4f868c5547c0d458,5.73042E+18,/g/11ddwyqmb4,5.73042E+18,,,,,,,,,,,
"CA, 641025, Coimbatore, Tamil Nadu, IN","A Dinesh Chartered & Associates, Chartered Accountant",A Dinesh Chartered And Associates Chartered Accountant,Chartered accountant,Chartered accountant,Chartered accountant,+91 98947 12123,,"954-A, Saravana Complex, Ramachandra Road, Corner, Mettupalayam Rd, R.S. Puram, Coimbatore, Tamil Nadu 641002","954-A, Saravana Complex, Ramachandra Road, Corner, Mettupalayam Rd",Coimbatore,R.S. Puram,Tamil Nadu,,641002,India,IN,,,,,,,,,,,,,,,,,,,,,,,,,,,,,11.0067041,76.9554155,89603386817ffff,Asia/Calcutta,,False,5,25,https://search.google.com/local/reviews?placeid=ChIJtxKBAQVZqDsRJaGzZhfiRgo&q=*&authuser=0&hl=en&gl=IN,,"{""1"": 0, ""2"": 0, ""3"": 0, ""4"": 1, ""5"": 24}",0,0,0,1,24,6,https://lh3.googleusercontent.com/gps-cs-s/AHRPTWmh9FKIIFJ6GUpCRbiWOhA-DVDt0OJXUx8VXsIOFrfymJ7_nQ2i_1jLIJPBPJ_Ukee-lNbLFFXo8moR5IoFECEY8tSnLkJRI3W4IPwQo5Vha3qY385D-oskHQxMBry_nbwjZ6eY=w800-h500-k-no,https://lh3.googleusercontent.com/gps-cs-s/AHRPTWmh9FKIIFJ6GUpCRbiWOhA-DVDt0OJXUx8VXsIOFrfymJ7_nQ2i_1jLIJPBPJ_Ukee-lNbLFFXo8moR5IoFECEY8tSnLkJRI3W4IPwQo5Vha3qY385D-oskHQxMBry_nbwjZ6eY=w1600-h1000-k-no,https://lh4.googleusercontent.com/-g9HR2x1V9VQ/AAAAAAAAAAI/AAAAAAAAAAA/Rt9o_uCqqMA/s44-p-k-no-ns-nd/photo.jpg,,,OPERATIONAL,"{""Monday"": [""9:30am-6pm""], ""Tuesday"": [""9:30am-6pm""], ""Wednesday"": [""9:30am-6pm""], ""Thursday"": [""9:30am-6pm""], ""Friday"": [""9:30am-6pm""], ""Saturday"": [""9:30am-4pm""], ""Sunday"": [""Closed""]}","Monday,9:30am,6pm|Tuesday,9:30am,6pm|Wednesday,9:30am,6pm|Thursday,9:30am,6pm|Friday,9:30am,6pm|Saturday,9:30am,4pm",,,,,,,,,,"{""Planning"": {""Appointments recommended"": true}}",,,True,114745738922696584044,"A Dinesh Chartered & Associates, Chartered Accountant",https://www.google.com/maps/contrib/114745738922696584044,"https://www.google.com/maps/place/A+Dinesh+Chartered+%26+Associates%2C+Chartered+Accountant/@11.0067041,76.9554155,14z/data=!4m8!1m2!2m1!1sA+Dinesh+Chartered+%26+Associates%2C+Chartered+Accountant!3m4!1s0x3ba85905018112b7:0xa46e21766b3a125!8m2!3d11.0067041!4d76.9554155","https://www.google.com/maps/place/A+Dinesh+Chartered+%26+Associates%2C+Chartered+Accountant/@11.0067041,76.9554155,13.99z/data=!4m16!1m7!3m6!1s0x3ba85905018112b7:0xa46e21766b3a125!2sA+Dinesh+Chartered+%26+Associates%2C+Chartered+Accountant!8m2!3d11.0067041!4d76.9554155!16s%2Fg%2F11ckvg1dmb!3m7!1s0x3ba85905018112b7:0xa46e21766b3a125!8m2!3d11.0067041!4d76.9554155!9m1!1b1!16s%2Fg%2F11ckvg1dmb?entry=ttu",ChIJtxKBAQVZqDsRJaGzZhfiRgo,0x3ba85905018112b7:0xa46e21766b3a125,7.40528E+17,/g/11c2l7gnq5,7.40528E+17,,,,,,,,,,,
"CA, 641025, Coimbatore, Tamil Nadu, IN",S. Krishnamoorthy & Co.,S Krishnamoorthy And,Chartered accountant,Chartered accountant,Chartered accountant,+91 422 403 9900,,"Cross Street, 16, Bharathi Park Rd 2, Saibaba Colony, Coimbatore, Tamil Nadu 641043","Cross Street, 16, Bharathi Park Rd 2",Coimbatore,Saibaba Colony,Tamil Nadu,,641043,India,IN,,,,,,,,,,,,,,,,,,,,,,,,,,,,,11.0198394,76.9445421,89603386b8bffff,Asia/Calcutta,,False,4.5,8,https://search.google.com/local/reviews?placeid=ChIJZ9Zw8mtYqDsR17CzUBL-nv0&q=*&authuser=0&hl=en&gl=IN,,"{""1"": 1, ""2"": 0, ""3"": 0, ""4"": 0, ""5"": 7}",1,0,0,0,7,1,https://streetviewpixels-pa.googleapis.com/v1/thumbnail?panoid=aUeB1d5H6Y_5jUg95g9bOQ&cb_client=search.gws-prod.gps&w=800&h=500&yaw=249.91187&pitch=0&thumbfov=100,https://streetviewpixels-pa.googleapis.com/v1/thumbnail?panoid=aUeB1d5H6Y_5jUg95g9bOQ&cb_client=search.gws-prod.gps&w=1600&h=1000&yaw=249.91187&pitch=0&thumbfov=100,https://lh3.googleusercontent.com/-fQnkAinrWXk/AAAAAAAAAAI/AAAAAAAAAAA/4kcklAUmZJ0/s44-p-k-no-ns-nd/photo.jpg,,,OPERATIONAL,"{""Monday"": [""9:30am-6pm""], ""Tuesday"": [""9:30am-6pm""], ""Wednesday"": [""9:30am-6pm""], ""Thursday"": [""9:30am-6pm""], ""Friday"": [""9:30am-6pm""], ""Saturday"": [""9:30am-6pm""], ""Sunday"": [""Closed""]}","Monday,9:30am,6pm|Tuesday,9:30am,6pm|Wednesday,9:30am,6pm|Thursday,9:30am,6pm|Friday,9:30am,6pm|Saturday,9:30am,6pm",,,,,,,,,,"{""Planning"": {""Appointments recommended"": true}}",,,True,101033015198620037103,S. Krishnamoorthy & Co.,https://www.google.com/maps/contrib/101033015198620037103,"https://www.google.com/maps/place/S.+Krishnamoorthy+%26+Co./@11.019839399999999,76.94454209999999,14z/data=!4m8!1m2!2m1!1sS.+Krishnamoorthy+%26+Co.!3m4!1s0x3ba8586bf270d667:0xfd9efe1250b3b0d7!8m2!3d11.019839399999999!4d76.94454209999999","https://www.google.com/maps/place/S.+Krishnamoorthy+%26+Co./@11.019839399999999,76.94454209999999,13.99z/data=!4m16!1m7!3m6!1s0x3ba8586bf270d667:0xfd9efe1250b3b0d7!2sS.+Krishnamoorthy+%26+Co.!8m2!3d11.019839399999999!4d76.94454209999999!16s%2Fg%2F11ckvg1dmb!3m7!1s0x3ba8586bf270d667:0xfd9efe1250b3b0d7!8m2!3d11.019839399999999!4d76.94454209999999!9m1!1b1!16s%2Fg%2F11ckvg1dmb?entry=ttu",ChIJZ9Zw8mtYqDsR17CzUBL-nv0,0x3ba8586bf270d667:0xfd9efe1250b3b0d7,1.82753E+19,/g/1ptz78zjg,-1.7142E+17,,,,,,,,,,,